timestamp,city,temperature,description
2025-12-08T13:01:36.106Z,Ararangua,28.9,scattered clouds
2025-12-08T14:08:51.920Z,Ararangua,29.41,few clouds
2025-12-08T14:09:09.088Z,Ararangua,29.41,few clouds
2025-12-08T15:58:21.849Z,Ararangua,29.35,scattered clouds
2025-12-09T10:03:01.021Z,Ararangua,21.74,moderate rain
2025-12-09T10:05:32.089Z,Ararangua,21.74,moderate rain
2025-12-09T10:05:32.095Z,Ararangua,21.74,moderate rain
2025-12-09T10:31:12.247Z,Ararangua,21.19,light rain
2025-12-09T10:31:12.257Z,Ararangua,21.19,light rain
2025-12-09T12:30:30.759Z,London,14.02,broken clouds
2025-12-09T12:30:30.761Z,London,14.02,broken clouds
2025-12-09T14:50:23.548Z,London,13.89,overcast clouds
2025-12-09T14:50:23.549Z,London,13.89,overcast clouds
2025-12-09T16:55:26.722Z,London,13.69,broken clouds
2025-12-09T16:55:26.724Z,London,13.69,broken clouds
2025-12-09T18:53:03.871Z,London,14.05,overcast clouds
2025-12-09T18:53:03.875Z,London,14.05,overcast clouds
2025-12-09T20:13:00.115Z,London,13.31,scattered clouds
2025-12-09T20:13:00.136Z,London,13.31,scattered clouds
2025-12-09T22:12:58.438Z,London,12.42,scattered clouds
2025-12-09T22:12:58.440Z,London,12.42,scattered clouds
2025-12-10T00:59:11.259Z,London,11.39,scattered clouds
2025-12-10T00:59:11.261Z,London,11.39,scattered clouds
2025-12-10T03:16:13.166Z,London,10.88,overcast clouds
2025-12-10T03:16:13.168Z,London,10.88,overcast clouds
2025-12-10T04:26:11.794Z,London,10.65,overcast clouds
2025-12-10T04:26:11.797Z,London,10.65,overcast clouds
2025-12-10T06:20:43.933Z,London,10.73,overcast clouds
2025-12-10T06:20:43.935Z,London,10.73,overcast clouds
2025-12-10T08:18:27.127Z,London,10.85,overcast clouds
2025-12-10T08:18:27.129Z,London,10.85,overcast clouds
2025-12-10T10:14:40.029Z,London,12.29,scattered clouds
2025-12-10T10:14:40.031Z,London,12.29,scattered clouds
2025-12-10T12:25:26.231Z,London,13.43,broken clouds
2025-12-10T12:25:26.233Z,London,13.43,broken clouds
2025-12-10T14:15:33.465Z,London,13.15,few clouds
2025-12-10T14:15:33.467Z,London,13.15,few clouds
2025-12-10T16:18:38.772Z,London,11.82,clear sky
2025-12-10T16:18:38.774Z,London,11.82,clear sky
2025-12-10T18:19:40.670Z,London,10.4,clear sky
2025-12-10T18:19:40.672Z,London,10.4,clear sky
2025-12-10T20:14:35.889Z,London,10.01,clear sky
2025-12-10T20:14:35.891Z,London,10.01,clear sky
2025-12-10T22:13:10.679Z,London,9.58,broken clouds
2025-12-10T22:13:10.682Z,London,9.58,broken clouds
2025-12-11T00:59:57.797Z,London,9.19,scattered clouds
2025-12-11T00:59:57.799Z,London,9.19,scattered clouds
2025-12-11T03:18:02.309Z,London,8.81,few clouds
2025-12-11T03:18:02.311Z,London,8.81,few clouds
2025-12-11T04:28:32.561Z,London,8.26,few clouds
2025-12-11T04:28:32.580Z,London,8.26,few clouds
2025-12-11T06:21:05.098Z,London,8.35,scattered clouds
2025-12-11T06:21:05.101Z,London,8.35,scattered clouds
2025-12-11T08:19:03.837Z,London,8.67,broken clouds
2025-12-11T08:19:03.861Z,London,8.67,broken clouds
2025-12-11T10:14:37.061Z,London,10.4,few clouds
2025-12-11T10:14:37.064Z,London,10.4,few clouds
2025-12-11T12:26:25.284Z,London,12.02,scattered clouds
2025-12-11T12:26:25.286Z,London,12.02,scattered clouds
2025-12-11T14:16:29.854Z,London,11.87,broken clouds
2025-12-11T14:16:29.857Z,London,11.87,broken clouds
2025-12-11T16:18:39.537Z,London,10.5,broken clouds
2025-12-11T16:18:39.539Z,London,10.5,broken clouds
2025-12-11T18:17:43.732Z,London,10.39,overcast clouds
2025-12-11T18:17:43.733Z,London,10.39,overcast clouds
2025-12-11T20:15:05.755Z,London,10.44,broken clouds
2025-12-11T20:15:05.757Z,London,10.44,broken clouds
2025-12-11T22:12:22.366Z,London,10.35,broken clouds
2025-12-11T22:12:22.368Z,London,10.35,broken clouds
2025-12-12T00:59:37.707Z,London,10.48,broken clouds
2025-12-12T00:59:37.709Z,London,10.48,broken clouds
2025-12-12T03:17:10.920Z,London,10.53,overcast clouds
2025-12-12T03:17:10.932Z,London,10.53,overcast clouds
2025-12-12T04:27:34.394Z,London,10.51,overcast clouds
2025-12-12T04:27:34.395Z,London,10.51,overcast clouds
2025-12-12T06:20:14.882Z,London,10.7,broken clouds
2025-12-12T06:20:14.883Z,London,10.7,broken clouds
2025-12-12T08:18:33.538Z,London,10.96,overcast clouds
2025-12-12T08:18:33.540Z,London,10.96,overcast clouds
2025-12-12T10:13:58.597Z,London,11.72,few clouds
2025-12-12T10:13:58.599Z,London,11.72,few clouds
2025-12-12T12:24:54.646Z,London,11.82,overcast clouds
2025-12-12T12:24:54.648Z,London,11.82,overcast clouds
2025-12-12T14:12:57.305Z,London,12.05,overcast clouds
2025-12-12T14:12:57.306Z,London,12.05,overcast clouds
2025-12-12T16:14:55.045Z,London,11.45,broken clouds
2025-12-12T16:14:55.048Z,London,11.45,broken clouds
2025-12-12T18:19:10.235Z,London,9.52,overcast clouds
2025-12-12T18:19:10.237Z,London,9.52,overcast clouds
2025-12-12T20:13:48.132Z,London,8.2,overcast clouds
2025-12-12T20:13:48.134Z,London,8.2,overcast clouds
2025-12-12T22:12:17.088Z,London,7.87,overcast clouds
2025-12-12T22:12:17.090Z,London,7.87,overcast clouds
2025-12-13T00:55:51.549Z,London,7.47,overcast clouds
2025-12-13T00:55:51.551Z,London,7.47,overcast clouds
2025-12-13T03:09:29.919Z,London,6.15,broken clouds
2025-12-13T03:09:29.921Z,London,6.15,broken clouds
2025-12-13T04:18:03.155Z,London,5.19,broken clouds
2025-12-13T04:18:03.157Z,London,5.19,broken clouds
2025-12-13T06:17:53.291Z,London,4.21,scattered clouds
2025-12-13T06:17:53.293Z,London,4.21,scattered clouds
2025-12-13T08:15:06.807Z,London,3.67,clear sky
2025-12-13T08:15:06.809Z,London,3.67,clear sky
2025-12-13T10:11:43.940Z,London,5.47,clear sky
2025-12-13T10:11:43.942Z,London,5.47,clear sky
2025-12-13T12:21:58.497Z,London,9.82,clear sky
2025-12-13T12:21:58.499Z,London,9.82,clear sky
2025-12-13T14:11:09.012Z,London,10.39,broken clouds
2025-12-13T14:11:09.017Z,London,10.39,broken clouds
2025-12-13T16:13:44.590Z,London,8.78,scattered clouds
2025-12-13T16:13:44.592Z,London,8.78,scattered clouds
2025-12-13T18:15:44.804Z,London,7.55,broken clouds
2025-12-13T18:15:44.806Z,London,7.55,broken clouds
2025-12-13T20:12:44.437Z,London,7.37,overcast clouds
2025-12-13T20:12:44.439Z,London,7.37,overcast clouds
2025-12-13T22:11:17.996Z,London,6.69,overcast clouds
2025-12-13T22:11:18.014Z,London,6.69,overcast clouds
2025-12-14T01:03:48.795Z,London,7.12,few clouds
2025-12-14T01:03:48.797Z,London,7.12,few clouds
2025-12-14T03:22:00.828Z,London,6.81,scattered clouds
2025-12-14T03:22:00.830Z,London,6.81,scattered clouds
2025-12-14T04:29:32.779Z,London,6.84,scattered clouds
2025-12-14T04:29:32.781Z,London,6.84,scattered clouds
2025-12-14T06:17:42.453Z,London,6.8,scattered clouds
2025-12-14T06:17:42.455Z,London,6.8,scattered clouds
2025-12-14T08:15:48.618Z,London,6.99,overcast clouds
2025-12-14T08:15:48.620Z,London,6.99,overcast clouds
2025-12-14T10:12:29.936Z,London,9.08,scattered clouds
2025-12-14T10:12:29.939Z,London,9.08,scattered clouds
2025-12-14T12:21:59.899Z,London,10.48,broken clouds
2025-12-14T12:21:59.901Z,London,10.61,broken clouds
2025-12-14T14:10:57.349Z,London,10.83,few clouds
2025-12-14T14:10:57.351Z,London,10.83,few clouds
2025-12-14T16:13:25.993Z,London,9.65,scattered clouds
2025-12-14T16:13:25.994Z,London,9.75,scattered clouds
2025-12-14T18:16:52.598Z,London,9.82,scattered clouds
2025-12-14T18:16:52.600Z,London,9.82,scattered clouds
2025-12-14T20:13:03.660Z,London,10.38,scattered clouds
2025-12-14T20:13:03.662Z,London,10.38,scattered clouds
2025-12-14T22:11:24.468Z,London,10.82,broken clouds
2025-12-14T22:11:24.594Z,London,10.82,broken clouds
2025-12-15T01:01:24.196Z,London,11.03,overcast clouds
2025-12-15T01:01:24.199Z,London,11.03,overcast clouds
2025-12-15T03:23:00.265Z,London,10.75,overcast clouds
2025-12-15T03:23:00.267Z,London,10.75,overcast clouds
2025-12-15T04:32:36.749Z,London,10.53,overcast clouds
2025-12-15T04:32:36.751Z,London,10.53,overcast clouds
2025-12-15T06:22:11.160Z,London,10.43,overcast clouds
2025-12-15T06:22:11.161Z,London,10.43,overcast clouds
2025-12-15T08:20:07.351Z,London,10.3,overcast clouds
2025-12-15T08:20:07.353Z,London,10.3,overcast clouds
2025-12-15T10:16:43.445Z,London,10.9,overcast clouds
2025-12-15T10:16:43.448Z,London,10.9,overcast clouds
2025-12-15T12:27:28.491Z,London,11.34,overcast clouds
2025-12-15T12:27:28.493Z,London,11.34,overcast clouds
2025-12-15T14:16:51.114Z,London,11.06,overcast clouds
2025-12-15T14:16:51.116Z,London,11.06,overcast clouds
2025-12-15T16:18:23.914Z,London,10.96,light rain
2025-12-15T16:18:23.916Z,London,10.96,light rain
2025-12-15T18:19:28.407Z,London,10.96,broken clouds
2025-12-15T18:19:28.409Z,London,10.96,broken clouds
2025-12-15T20:14:32.247Z,London,11.04,overcast clouds
2025-12-15T20:14:32.249Z,London,11.04,overcast clouds
2025-12-15T22:12:35.077Z,London,10.91,overcast clouds
2025-12-15T22:12:35.079Z,London,10.91,overcast clouds
2025-12-16T00:59:54.644Z,London,10.85,few clouds
2025-12-16T00:59:54.646Z,London,10.85,few clouds
2025-12-16T03:17:37.677Z,London,11.48,broken clouds
2025-12-16T03:17:37.679Z,London,11.48,broken clouds
2025-12-16T04:28:41.849Z,London,11.2,broken clouds
2025-12-16T04:28:41.871Z,London,11.2,broken clouds
2025-12-16T06:20:40.115Z,London,10.98,overcast clouds
2025-12-16T06:20:40.116Z,London,10.98,overcast clouds
2025-12-16T08:18:54.736Z,London,10.94,overcast clouds
2025-12-16T08:18:54.738Z,London,10.94,overcast clouds
2025-12-16T10:15:06.385Z,London,11.62,overcast clouds
2025-12-16T10:15:06.387Z,London,11.62,overcast clouds
2025-12-16T12:26:05.254Z,London,12.27,light rain
2025-12-16T12:26:05.256Z,London,12.27,light rain
2025-12-16T14:15:57.542Z,London,10.01,overcast clouds
2025-12-16T14:15:57.544Z,London,10.01,overcast clouds
2025-12-16T16:17:11.188Z,London,8.87,overcast clouds
2025-12-16T16:17:11.206Z,London,8.87,overcast clouds
2025-12-16T18:19:41.732Z,London,7.97,overcast clouds
2025-12-16T18:19:41.744Z,London,7.97,overcast clouds
2025-12-16T20:14:54.182Z,London,7.49,overcast clouds
2025-12-16T20:14:54.184Z,London,7.49,overcast clouds
2025-12-16T22:12:34.699Z,London,6.51,broken clouds
2025-12-16T22:12:34.701Z,London,6.51,broken clouds
2025-12-17T00:55:41.133Z,London,4.77,clear sky
2025-12-17T00:55:41.135Z,London,4.77,clear sky
2025-12-17T03:14:05.857Z,London,4.28,scattered clouds
2025-12-17T03:14:05.859Z,London,4.28,scattered clouds
2025-12-17T04:25:43.662Z,London,3.51,few clouds
2025-12-17T04:25:43.664Z,London,3.51,few clouds
2025-12-17T06:20:13.062Z,London,2.76,fog
2025-12-17T06:20:13.064Z,London,2.76,fog
2025-12-17T08:18:45.293Z,London,3.07,mist
2025-12-17T08:18:45.295Z,London,3.07,mist
2025-12-17T10:14:44.780Z,London,4.94,broken clouds
2025-12-17T10:14:44.782Z,London,4.94,broken clouds
2025-12-17T12:25:46.668Z,London,7.75,broken clouds
2025-12-17T12:25:46.670Z,London,7.75,broken clouds
2025-12-17T14:14:21.224Z,London,9.33,few clouds
2025-12-17T14:14:21.229Z,London,9.33,few clouds
2025-12-17T16:16:58.771Z,London,9.8,scattered clouds
2025-12-17T16:16:58.774Z,London,9.8,scattered clouds
2025-12-17T18:19:36.957Z,London,9.93,overcast clouds
2025-12-17T18:19:36.959Z,London,9.93,overcast clouds
2025-12-17T20:14:25.783Z,London,9.81,scattered clouds
2025-12-17T20:14:25.787Z,London,9.81,scattered clouds
2025-12-17T22:12:26.431Z,London,10.52,broken clouds
2025-12-17T22:12:26.433Z,London,10.52,broken clouds
2025-12-18T00:56:22.897Z,London,10.28,light rain
2025-12-18T00:56:22.900Z,London,10.28,light rain
2025-12-18T03:14:32.735Z,London,10.56,light rain
2025-12-18T03:14:32.743Z,London,10.56,light rain
2025-12-18T04:26:44.482Z,London,10.64,moderate rain
2025-12-18T04:26:44.533Z,London,10.64,moderate rain
2025-12-18T06:20:16.291Z,London,11.03,broken clouds
2025-12-18T06:20:16.293Z,London,11.03,broken clouds
2025-12-18T08:20:44.652Z,London,11.03,broken clouds
2025-12-18T08:20:44.654Z,London,11.03,broken clouds
2025-12-18T10:14:00.671Z,London,11.09,overcast clouds
2025-12-18T10:14:00.673Z,London,11.09,overcast clouds
2025-12-18T12:24:58.754Z,London,11.03,heavy intensity rain
2025-12-18T12:24:58.758Z,London,11.03,heavy intensity rain
2025-12-18T14:14:53.051Z,London,11.27,moderate rain
2025-12-18T14:14:53.052Z,London,11.27,moderate rain
2025-12-18T16:17:43.496Z,London,11.39,moderate rain
2025-12-18T16:17:43.519Z,London,11.39,moderate rain
2025-12-18T18:19:10.962Z,London,11.86,overcast clouds
2025-12-18T18:19:10.964Z,London,11.76,overcast clouds
2025-12-18T20:13:25.032Z,London,11.86,broken clouds
2025-12-18T20:13:25.034Z,London,11.86,broken clouds
2025-12-18T22:12:11.353Z,London,11.24,few clouds
2025-12-18T22:12:11.355Z,London,11.24,few clouds
2025-12-19T00:59:20.085Z,London,10.63,few clouds
2025-12-19T00:59:20.091Z,London,10.63,few clouds
2025-12-19T03:17:07.913Z,London,8.93,overcast clouds
2025-12-19T03:17:07.915Z,London,8.93,overcast clouds
2025-12-19T04:27:19.896Z,London,8.19,overcast clouds
2025-12-19T04:27:19.898Z,London,8.19,overcast clouds
2025-12-19T06:19:54.381Z,London,7.85,overcast clouds
2025-12-19T06:19:54.383Z,London,7.85,overcast clouds
2025-12-19T08:18:06.560Z,London,7.61,overcast clouds
2025-12-19T08:18:06.562Z,London,7.61,overcast clouds
2025-12-19T10:13:34.336Z,London,8.48,broken clouds
2025-12-19T10:13:34.338Z,London,8.48,broken clouds
2025-12-19T12:23:50.072Z,London,10.57,scattered clouds
2025-12-19T12:23:50.092Z,London,10.57,scattered clouds
2025-12-19T14:13:34.045Z,London,11.28,clear sky
2025-12-19T14:13:34.047Z,London,11.28,clear sky
2025-12-19T16:15:12.527Z,London,9.64,clear sky
2025-12-19T16:15:12.529Z,London,9.64,clear sky
2025-12-19T18:18:03.325Z,London,8.57,clear sky
2025-12-19T18:18:03.327Z,London,8.57,clear sky
2025-12-19T20:13:45.929Z,London,7.56,few clouds
2025-12-19T20:13:45.930Z,London,7.56,few clouds
2025-12-19T22:12:35.166Z,London,6.37,clear sky
2025-12-19T22:12:35.168Z,London,6.37,clear sky
2025-12-20T00:55:56.415Z,London,5.07,clear sky
2025-12-20T00:55:56.417Z,London,5.07,clear sky
2025-12-20T03:09:13.148Z,London,5.16,clear sky
2025-12-20T03:09:13.150Z,London,5.16,clear sky
2025-12-20T04:18:04.923Z,London,5.31,clear sky
2025-12-20T04:18:04.926Z,London,5.31,clear sky
2025-12-20T06:19:19.659Z,London,4.49,clear sky
2025-12-20T06:19:19.661Z,London,4.44,clear sky
2025-12-20T08:15:46.285Z,London,4.4,few clouds
2025-12-20T08:15:46.287Z,London,4.4,few clouds
2025-12-20T10:12:10.079Z,London,6.15,clear sky
2025-12-20T10:12:10.081Z,London,6.15,clear sky
2025-12-20T12:21:35.462Z,London,9.52,clear sky
2025-12-20T12:21:35.465Z,London,9.52,clear sky
2025-12-20T14:11:11.025Z,London,9.79,scattered clouds
2025-12-20T14:11:11.027Z,London,9.79,scattered clouds
2025-12-20T16:13:52.578Z,London,8.13,clear sky
2025-12-20T16:13:52.580Z,London,8.13,clear sky
2025-12-20T18:15:38.318Z,London,7.84,broken clouds
2025-12-20T18:15:38.327Z,London,7.84,broken clouds
2025-12-20T20:12:33.593Z,London,7.66,overcast clouds
2025-12-20T20:12:33.595Z,London,7.67,overcast clouds
2025-12-20T22:11:34.541Z,London,8.01,overcast clouds
2025-12-20T22:11:34.543Z,London,8.01,overcast clouds
2025-12-21T01:03:33.888Z,London,8.32,overcast clouds
2025-12-21T01:03:33.890Z,London,8.32,overcast clouds
2025-12-21T03:22:14.971Z,London,8.46,broken clouds
2025-12-21T03:22:14.980Z,London,8.46,broken clouds
2025-12-21T04:30:12.791Z,London,8.4,overcast clouds
2025-12-21T04:30:12.793Z,London,8.4,overcast clouds
2025-12-21T06:18:39.696Z,London,8.62,broken clouds
2025-12-21T06:18:39.698Z,London,8.62,broken clouds
2025-12-21T08:16:01.958Z,London,9.09,overcast clouds
2025-12-21T08:16:01.961Z,London,9.09,overcast clouds
2025-12-21T10:12:04.808Z,London,9.68,broken clouds
2025-12-21T10:12:04.810Z,London,9.68,broken clouds
2025-12-21T12:21:48.582Z,London,10.07,overcast clouds
2025-12-21T12:21:48.598Z,London,10.07,overcast clouds
2025-12-21T14:11:08.013Z,London,10.1,few clouds
2025-12-21T14:11:08.032Z,London,10.1,few clouds
2025-12-21T16:13:36.783Z,London,9.53,moderate rain
2025-12-21T16:13:36.785Z,London,9.74,moderate rain
2025-12-21T18:17:05.104Z,London,10.01,moderate rain
2025-12-21T18:17:05.107Z,London,10.01,moderate rain
2025-12-21T20:13:01.360Z,London,10.79,light rain
2025-12-21T20:13:01.361Z,London,10.79,light rain
2025-12-21T22:11:50.602Z,London,10.59,light rain
2025-12-21T22:11:50.604Z,London,10.59,light rain
2025-12-22T01:02:21.124Z,London,10.43,scattered clouds
2025-12-22T01:02:21.126Z,London,10.43,scattered clouds
2025-12-22T03:25:09.274Z,London,9.23,overcast clouds
2025-12-22T03:25:09.276Z,London,9.23,overcast clouds
2025-12-22T04:32:53.638Z,London,9.01,scattered clouds
2025-12-22T04:32:53.640Z,London,9.01,scattered clouds
2025-12-22T06:21:32.912Z,London,9.12,broken clouds
2025-12-22T06:21:32.914Z,London,9.12,broken clouds
2025-12-22T08:19:12.400Z,London,8.84,broken clouds
2025-12-22T08:19:12.402Z,London,8.84,broken clouds
2025-12-22T10:14:21.684Z,London,9.27,broken clouds
2025-12-22T10:14:21.685Z,London,9.27,broken clouds
2025-12-22T12:25:41.962Z,London,10.25,overcast clouds
2025-12-22T12:25:41.964Z,London,10.25,overcast clouds
2025-12-22T14:13:26.974Z,London,10.48,overcast clouds
2025-12-22T14:13:26.976Z,London,10.48,overcast clouds
2025-12-22T16:15:27.346Z,London,9.53,few clouds
2025-12-22T16:15:27.348Z,London,9.53,few clouds
2025-12-22T18:18:45.752Z,London,9.49,overcast clouds
2025-12-22T18:18:45.754Z,London,9.49,overcast clouds
2025-12-22T20:13:42.018Z,London,8.55,overcast clouds
2025-12-22T20:13:42.020Z,London,8.55,overcast clouds
2025-12-22T22:12:32.825Z,London,8.14,few clouds
2025-12-22T22:12:32.827Z,London,8.14,few clouds
2025-12-23T00:59:06.491Z,London,8.35,overcast clouds
2025-12-23T00:59:06.493Z,London,8.35,overcast clouds
2025-12-23T03:19:58.883Z,London,8.01,overcast clouds
2025-12-23T03:19:58.901Z,London,8.01,overcast clouds
2025-12-23T04:30:37.976Z,London,7.83,overcast clouds
2025-12-23T04:30:37.978Z,London,7.83,overcast clouds
2025-12-23T06:20:43.884Z,London,7.43,overcast clouds
2025-12-23T06:20:43.886Z,London,7.43,overcast clouds
2025-12-23T08:18:38.864Z,London,7.22,overcast clouds
2025-12-23T08:18:38.866Z,London,7.22,overcast clouds
2025-12-23T10:14:16.824Z,London,7.05,overcast clouds
2025-12-23T10:14:16.826Z,London,7.05,overcast clouds
2025-12-23T12:25:09.653Z,London,7.4,overcast clouds
2025-12-23T12:25:09.655Z,London,7.4,overcast clouds
2025-12-23T14:13:02.196Z,London,7.46,overcast clouds
2025-12-23T14:13:02.204Z,London,7.47,overcast clouds
2025-12-23T16:15:52.117Z,London,6.87,overcast clouds
2025-12-23T16:15:52.119Z,London,6.87,overcast clouds
2025-12-23T18:18:55.689Z,London,6.57,overcast clouds
2025-12-23T18:18:55.691Z,London,6.57,overcast clouds
2025-12-23T20:13:27.907Z,London,6.57,overcast clouds
2025-12-23T20:13:27.909Z,London,6.57,overcast clouds
2025-12-23T22:12:23.736Z,London,6.39,overcast clouds
2025-12-23T22:12:23.738Z,London,6.39,overcast clouds
2025-12-24T00:59:05.335Z,London,5.96,overcast clouds
2025-12-24T00:59:05.337Z,London,5.96,overcast clouds
2025-12-24T03:17:18.456Z,London,6.25,overcast clouds
2025-12-24T03:17:18.458Z,London,6.25,overcast clouds
2025-12-24T04:28:59.575Z,London,6.53,overcast clouds
2025-12-24T04:28:59.577Z,London,6.53,overcast clouds
2025-12-24T06:20:32.961Z,London,5.78,overcast clouds
2025-12-24T06:20:32.963Z,London,5.84,overcast clouds
2025-12-24T08:18:09.823Z,London,4.8,overcast clouds
2025-12-24T08:18:09.825Z,London,4.8,overcast clouds
2025-12-24T10:13:53.519Z,London,4.9,broken clouds
2025-12-24T10:13:53.521Z,London,4.9,broken clouds
2025-12-24T12:24:16.672Z,London,5.95,broken clouds
2025-12-24T12:24:16.674Z,London,5.95,broken clouds
2025-12-24T14:12:01.295Z,London,5.92,broken clouds
2025-12-24T14:12:01.297Z,London,5.92,broken clouds
2025-12-24T16:15:19.622Z,London,4.72,broken clouds
2025-12-24T16:15:19.624Z,London,4.72,broken clouds
2025-12-24T18:18:19.167Z,London,4.17,scattered clouds
2025-12-24T18:18:19.169Z,London,4.17,scattered clouds
2025-12-24T20:13:21.225Z,London,3.85,clear sky
2025-12-24T20:13:21.227Z,London,3.85,clear sky
2025-12-24T22:12:18.895Z,London,3.84,few clouds
2025-12-24T22:12:18.897Z,London,3.84,few clouds
2025-12-25T00:59:06.969Z,London,3.5,clear sky
2025-12-25T00:59:06.971Z,London,3.5,clear sky
2025-12-25T03:20:12.790Z,London,3.21,clear sky
2025-12-25T03:20:12.792Z,London,3.21,clear sky
2025-12-25T04:30:36.011Z,London,3.24,clear sky
2025-12-25T04:30:36.013Z,London,3.24,clear sky
2025-12-25T06:20:15.822Z,London,3.26,clear sky
2025-12-25T06:20:15.825Z,London,3.26,clear sky
2025-12-25T08:17:48.765Z,London,2.98,clear sky
2025-12-25T08:17:48.767Z,London,2.98,clear sky
2025-12-25T10:13:57.550Z,London,3.81,clear sky
2025-12-25T10:13:57.553Z,London,3.81,clear sky
2025-12-25T12:24:09.126Z,London,5.74,clear sky
2025-12-25T12:24:09.128Z,London,5.74,clear sky
2025-12-25T14:12:12.386Z,London,5.77,clear sky
2025-12-25T14:12:12.388Z,London,5.77,clear sky
2025-12-25T16:15:09.269Z,London,4.32,broken clouds
2025-12-25T16:15:09.271Z,London,4.32,broken clouds
2025-12-25T18:18:05.836Z,London,4.31,overcast clouds
2025-12-25T18:18:05.838Z,London,4.31,overcast clouds
2025-12-25T20:13:53.048Z,London,4.13,overcast clouds
2025-12-25T20:13:53.050Z,London,4.13,overcast clouds
2025-12-25T22:11:59.629Z,London,3.86,overcast clouds
2025-12-25T22:11:59.631Z,London,3.86,overcast clouds
2025-12-26T00:59:32.013Z,London,3.69,overcast clouds
2025-12-26T00:59:32.016Z,London,3.69,overcast clouds
2025-12-26T03:18:00.060Z,London,3.75,broken clouds
2025-12-26T03:18:00.062Z,London,3.75,broken clouds
2025-12-26T04:28:11.596Z,London,3.85,overcast clouds
2025-12-26T04:28:11.598Z,London,3.85,overcast clouds
2025-12-26T06:19:59.640Z,London,4.16,overcast clouds
2025-12-26T06:19:59.641Z,London,4.16,overcast clouds
2025-12-26T08:17:48.196Z,London,4.42,overcast clouds
2025-12-26T08:17:48.198Z,London,4.42,overcast clouds
2025-12-26T10:13:38.017Z,London,4.88,overcast clouds
2025-12-26T10:13:38.019Z,London,4.88,overcast clouds
2025-12-26T12:24:04.978Z,London,5.66,broken clouds
2025-12-26T12:24:04.985Z,London,5.66,broken clouds
2025-12-26T14:12:28.556Z,London,6.51,broken clouds
2025-12-26T14:12:28.557Z,London,6.51,broken clouds
2025-12-26T16:14:24.654Z,London,5.48,overcast clouds
2025-12-26T16:14:24.655Z,London,5.48,overcast clouds
2025-12-26T18:17:58.843Z,London,5.16,overcast clouds
2025-12-26T18:17:58.845Z,London,5.16,overcast clouds
2025-12-26T20:13:00.410Z,London,5.01,overcast clouds
2025-12-26T20:13:00.418Z,London,5.01,overcast clouds
2025-12-26T22:11:59.368Z,London,4.4,overcast clouds
2025-12-26T22:11:59.370Z,London,4.4,overcast clouds
2025-12-27T00:57:52.422Z,London,2.95,few clouds
2025-12-27T00:57:52.424Z,London,2.95,few clouds
2025-12-27T03:16:46.259Z,London,2.82,clear sky
2025-12-27T03:16:46.260Z,London,2.82,clear sky
2025-12-27T04:25:05.695Z,London,2.59,clear sky
2025-12-27T04:25:05.697Z,London,2.59,clear sky
2025-12-27T06:18:59.617Z,London,2.5,clear sky
2025-12-27T06:18:59.687Z,London,2.5,clear sky
2025-12-27T08:16:24.333Z,London,2.77,clear sky
2025-12-27T08:16:24.335Z,London,2.77,clear sky
2025-12-27T10:12:11.051Z,London,5.08,clear sky
2025-12-27T10:12:11.053Z,London,5.08,clear sky
2025-12-27T12:22:34.462Z,London,7.03,broken clouds
2025-12-27T12:22:34.464Z,London,7.03,broken clouds
2025-12-27T14:11:24.277Z,London,7.53,overcast clouds
2025-12-27T14:11:24.279Z,London,7.53,overcast clouds
2025-12-27T16:13:46.958Z,London,7.48,overcast clouds
2025-12-27T16:13:46.961Z,London,7.48,overcast clouds
2025-12-27T18:17:05.174Z,London,7.59,overcast clouds
2025-12-27T18:17:05.176Z,London,7.59,overcast clouds
2025-12-27T20:13:38.878Z,London,6.9,overcast clouds
2025-12-27T20:13:38.880Z,London,6.9,overcast clouds
2025-12-27T22:11:34.696Z,London,6.94,overcast clouds
2025-12-27T22:11:34.698Z,London,6.94,overcast clouds
2025-12-28T01:06:18.495Z,London,6.69,overcast clouds
2025-12-28T01:06:18.497Z,London,6.69,overcast clouds
2025-12-28T03:30:30.516Z,London,6.83,overcast clouds
2025-12-28T03:30:30.518Z,London,6.83,overcast clouds
2025-12-28T04:37:39.369Z,London,6.82,overcast clouds
2025-12-28T04:37:39.371Z,London,6.82,overcast clouds
2025-12-28T06:19:10.982Z,London,6.59,overcast clouds
2025-12-28T06:19:10.984Z,London,6.59,overcast clouds
2025-12-28T08:16:27.461Z,London,6.72,overcast clouds
2025-12-28T08:16:27.462Z,London,6.72,overcast clouds
2025-12-28T10:12:10.599Z,London,7.11,overcast clouds
2025-12-28T10:12:10.601Z,London,7.11,overcast clouds
2025-12-28T12:22:37.685Z,London,7.24,overcast clouds
2025-12-28T12:22:37.687Z,London,7.24,overcast clouds
2025-12-28T14:11:45.227Z,London,7.16,overcast clouds
2025-12-28T14:11:45.229Z,London,7.16,overcast clouds
2025-12-28T16:14:17.570Z,London,7.03,overcast clouds
2025-12-28T16:14:17.572Z,London,7.03,overcast clouds
2025-12-28T18:17:34.111Z,London,6.94,overcast clouds
2025-12-28T18:17:34.114Z,London,6.94,overcast clouds
2025-12-28T20:13:47.702Z,London,6.47,overcast clouds
2025-12-28T20:13:47.704Z,London,6.47,overcast clouds
2025-12-28T22:12:04.291Z,London,5.98,overcast clouds
2025-12-28T22:12:04.294Z,London,5.98,overcast clouds
2025-12-29T01:04:53.452Z,London,4.9,broken clouds
2025-12-29T01:04:53.454Z,London,4.9,broken clouds
2025-12-29T03:41:22.514Z,London,4.48,overcast clouds
2025-12-29T03:41:22.516Z,London,4.48,overcast clouds
2025-12-29T04:41:31.707Z,London,4.82,overcast clouds
2025-12-29T04:41:31.709Z,London,4.82,overcast clouds
2025-12-29T06:22:21.143Z,London,4.9,broken clouds
2025-12-29T06:22:21.146Z,London,4.9,broken clouds
2025-12-29T08:19:57.866Z,London,5.05,broken clouds
2025-12-29T08:19:57.868Z,London,5.05,broken clouds
2025-12-29T10:15:16.809Z,London,5.53,overcast clouds
2025-12-29T10:15:16.811Z,London,5.53,overcast clouds
2025-12-29T12:26:26.341Z,London,6.08,overcast clouds
2025-12-29T12:26:26.343Z,London,6.08,overcast clouds
2025-12-29T14:14:28.207Z,London,5.92,overcast clouds
2025-12-29T14:14:28.210Z,London,5.92,overcast clouds
2025-12-29T16:15:00.980Z,London,6,overcast clouds
2025-12-29T16:15:00.982Z,London,6,overcast clouds
2025-12-29T18:18:58.583Z,London,6.06,overcast clouds
2025-12-29T18:18:58.585Z,London,6.06,overcast clouds
2025-12-29T20:14:24.299Z,London,6.42,light rain
2025-12-29T20:14:24.301Z,London,6.42,light rain
2025-12-29T22:12:08.886Z,London,6.07,broken clouds
2025-12-29T22:12:08.888Z,London,6.07,broken clouds
2025-12-30T00:59:44.205Z,London,5.5,broken clouds
2025-12-30T00:59:44.206Z,London,5.5,broken clouds
2025-12-30T03:21:19.282Z,London,4.31,overcast clouds
2025-12-30T03:21:19.284Z,London,4.31,overcast clouds
2025-12-30T04:31:32.968Z,London,4.2,overcast clouds
2025-12-30T04:31:32.970Z,London,4.2,overcast clouds
2025-12-30T06:20:33.069Z,London,3.48,overcast clouds
2025-12-30T06:20:33.070Z,London,3.48,overcast clouds
2025-12-30T08:18:13.225Z,London,3.34,overcast clouds
2025-12-30T08:18:13.227Z,London,3.34,overcast clouds
2025-12-30T10:14:02.961Z,London,4.92,scattered clouds
2025-12-30T10:14:02.963Z,London,4.92,scattered clouds
2025-12-30T12:25:51.982Z,London,6.7,overcast clouds
2025-12-30T12:25:51.984Z,London,6.7,overcast clouds
2025-12-30T14:13:13.464Z,London,6.67,few clouds
2025-12-30T14:13:13.466Z,London,6.67,few clouds
2025-12-30T16:15:53.704Z,London,5.2,scattered clouds
2025-12-30T16:15:53.716Z,London,5.2,scattered clouds
2025-12-30T18:19:10.575Z,London,4.41,scattered clouds
2025-12-30T18:19:10.582Z,London,4.41,scattered clouds
2025-12-30T20:13:49.559Z,London,2.96,few clouds
2025-12-30T20:13:49.561Z,London,2.96,few clouds
2025-12-30T22:12:24.413Z,London,1.9,few clouds
2025-12-30T22:12:24.416Z,London,1.9,few clouds
2025-12-31T01:00:58.122Z,London,1.35,clear sky
2025-12-31T01:00:58.155Z,London,1.35,clear sky
2025-12-31T03:19:57.101Z,London,0.82,scattered clouds
2025-12-31T03:19:57.102Z,London,0.82,scattered clouds
2025-12-31T04:31:36.896Z,London,0.91,few clouds
2025-12-31T04:31:36.898Z,London,0.91,few clouds
2025-12-31T06:20:43.459Z,London,0.64,overcast clouds
2025-12-31T06:20:43.461Z,London,0.64,overcast clouds
2025-12-31T08:18:10.205Z,London,0.27,broken clouds
2025-12-31T08:18:10.207Z,London,0.27,broken clouds
2025-12-31T10:13:15.656Z,London,1.57,clear sky
2025-12-31T10:13:15.658Z,London,1.57,clear sky
2025-12-31T12:24:39.197Z,London,3.66,clear sky
2025-12-31T12:24:39.199Z,London,3.66,clear sky
2025-12-31T14:13:07.438Z,London,4.02,clear sky
2025-12-31T14:13:07.451Z,London,4.02,clear sky
2025-12-31T16:15:36.064Z,London,2.15,few clouds
2025-12-31T16:15:36.066Z,London,2.13,few clouds
2025-12-31T18:18:05.875Z,London,0.85,scattered clouds
2025-12-31T18:18:05.877Z,London,0.85,scattered clouds
2025-12-31T20:13:18.366Z,London,0.48,few clouds
2025-12-31T20:13:18.368Z,London,0.48,few clouds
2025-12-31T22:12:32.738Z,London,0.28,few clouds
2025-12-31T22:12:32.741Z,London,0.28,few clouds
2026-01-01T01:06:38.353Z,London,0.54,scattered clouds
2026-01-01T01:06:38.355Z,London,0.54,scattered clouds
2026-01-01T03:42:54.890Z,London,1.36,overcast clouds
2026-01-01T03:42:54.892Z,London,1.36,overcast clouds
2026-01-01T04:40:33.069Z,London,1.48,overcast clouds
2026-01-01T04:40:33.071Z,London,1.48,overcast clouds
2026-01-01T06:20:49.649Z,London,1.63,scattered clouds
2026-01-01T06:20:49.650Z,London,1.63,scattered clouds
2026-01-01T08:17:57.295Z,London,1.19,broken clouds
2026-01-01T08:17:57.297Z,London,1.19,broken clouds
2026-01-01T10:14:23.295Z,London,2.87,broken clouds
2026-01-01T10:14:23.297Z,London,2.87,broken clouds
2026-01-01T12:24:54.673Z,London,5.2,overcast clouds
2026-01-01T12:24:54.675Z,London,5.2,overcast clouds
2026-01-01T14:12:06.822Z,London,5.63,scattered clouds
2026-01-01T14:12:06.823Z,London,5.63,scattered clouds
2026-01-01T16:15:39.055Z,London,5.36,overcast clouds
2026-01-01T16:15:39.057Z,London,5.36,overcast clouds
2026-01-01T18:18:33.466Z,London,5.05,overcast clouds
2026-01-01T18:18:33.468Z,London,5.05,overcast clouds
2026-01-01T20:14:10.683Z,London,4.11,few clouds
2026-01-01T20:14:10.684Z,London,4.11,few clouds
2026-01-01T22:12:12.133Z,London,3.77,scattered clouds
2026-01-01T22:12:12.135Z,London,3.77,scattered clouds
2026-01-02T01:01:10.360Z,London,2.9,few clouds
2026-01-02T01:01:10.363Z,London,2.9,few clouds
2026-01-02T03:23:28.046Z,London,2.75,scattered clouds
2026-01-02T03:23:28.048Z,London,2.75,scattered clouds
2026-01-02T04:32:39.287Z,London,2.48,moderate rain
2026-01-02T04:32:39.290Z,London,2.48,moderate rain
2026-01-02T06:20:51.974Z,London,1.35,light rain
2026-01-02T06:20:51.976Z,London,1.35,light rain
2026-01-02T08:18:10.880Z,London,1.08,overcast clouds
2026-01-02T08:18:10.882Z,London,1.08,overcast clouds
2026-01-02T10:13:08.118Z,London,1.93,broken clouds
2026-01-02T10:13:08.119Z,London,1.97,broken clouds
2026-01-02T12:23:52.651Z,London,3.23,broken clouds
2026-01-02T12:23:52.652Z,London,3.23,broken clouds
2026-01-02T14:13:18.746Z,London,3.68,clear sky
2026-01-02T14:13:18.748Z,London,3.68,clear sky
2026-01-02T16:14:57.772Z,London,2.39,clear sky
2026-01-02T16:14:57.775Z,London,2.39,clear sky
2026-01-02T18:18:31.133Z,London,1.04,clear sky
2026-01-02T18:18:31.135Z,London,1.04,clear sky
2026-01-02T20:13:30.493Z,London,0.39,clear sky
2026-01-02T20:13:30.495Z,London,0.39,clear sky
2026-01-02T22:12:26.342Z,London,-0.19,clear sky
2026-01-02T22:12:26.345Z,London,-0.19,clear sky
2026-01-03T00:57:14.247Z,London,-0.01,overcast clouds
2026-01-03T00:57:14.249Z,London,-0.01,overcast clouds
2026-01-03T03:16:00.128Z,London,0.31,scattered clouds
2026-01-03T03:16:00.131Z,London,0.31,scattered clouds
2026-01-03T04:24:51.700Z,London,0.36,scattered clouds
2026-01-03T04:24:51.719Z,London,0.36,scattered clouds
2026-01-03T06:19:20.224Z,London,0.23,few clouds
2026-01-03T06:19:20.226Z,London,0.23,few clouds
2026-01-03T08:16:26.490Z,London,-0.26,clear sky
2026-01-03T08:16:26.492Z,London,-0.26,clear sky
2026-01-03T10:12:13.048Z,London,0.82,clear sky
2026-01-03T10:12:13.050Z,London,0.82,clear sky
2026-01-03T12:22:16.607Z,London,2.34,clear sky
2026-01-03T12:22:16.609Z,London,2.34,clear sky
2026-01-03T14:11:28.155Z,London,3.38,clear sky
2026-01-03T14:11:28.157Z,London,3.38,clear sky
2026-01-03T16:13:54.957Z,London,1.98,broken clouds
2026-01-03T16:13:54.959Z,London,1.98,broken clouds
2026-01-03T18:17:21.195Z,London,0.23,clear sky
2026-01-03T18:17:21.214Z,London,0.23,clear sky
2026-01-03T20:13:35.999Z,London,-0.01,clear sky
2026-01-03T20:13:36.012Z,London,-0.01,clear sky
2026-01-03T22:11:42.856Z,London,-0.69,clear sky
2026-01-03T22:11:42.858Z,London,-0.69,clear sky
2026-01-04T01:07:10.096Z,London,-1.9,clear sky
2026-01-04T01:07:10.158Z,London,-1.9,clear sky
2026-01-04T03:43:13.680Z,London,-2.29,clear sky
2026-01-04T03:43:13.682Z,London,-2.29,clear sky
2026-01-04T04:41:29.163Z,London,-2.44,clear sky
2026-01-04T04:41:29.165Z,London,-2.44,clear sky
2026-01-04T06:19:10.289Z,London,-2.37,clear sky
2026-01-04T06:19:10.291Z,London,-2.37,clear sky
2026-01-04T08:16:48.362Z,London,-2.82,clear sky
2026-01-04T08:16:48.364Z,London,-2.82,clear sky
2026-01-04T10:12:33.610Z,London,-1.23,clear sky
2026-01-04T10:12:33.612Z,London,-1.23,clear sky
2026-01-04T12:22:31.598Z,London,2.2,clear sky
2026-01-04T12:22:31.600Z,London,2.2,clear sky
2026-01-04T14:11:21.426Z,London,3.25,clear sky
2026-01-04T14:11:21.428Z,London,3.25,clear sky
2026-01-04T16:14:25.094Z,London,2.18,clear sky
2026-01-04T16:14:25.096Z,London,2.18,clear sky
2026-01-04T18:17:30.417Z,London,1.46,broken clouds
2026-01-04T18:17:30.418Z,London,1.46,broken clouds
2026-01-04T20:13:39.607Z,London,0.23,overcast clouds
2026-01-04T20:13:39.609Z,London,0.23,overcast clouds
2026-01-04T22:12:00.850Z,London,-0.59,overcast clouds
2026-01-04T22:12:00.857Z,London,-0.59,overcast clouds
2026-01-05T01:06:13.130Z,London,-1.36,broken clouds
2026-01-05T01:06:13.132Z,London,-1.36,broken clouds
2026-01-05T03:47:20.293Z,London,-1.21,light snow
2026-01-05T03:47:20.295Z,London,-1.21,light snow
2026-01-05T04:49:53.896Z,London,-1,broken clouds
2026-01-05T04:49:53.898Z,London,-1,broken clouds
2026-01-05T06:26:30.661Z,London,-0.86,broken clouds
2026-01-05T06:26:30.663Z,London,-0.86,broken clouds
2026-01-05T08:20:41.006Z,London,-1.61,few clouds
2026-01-05T08:20:41.008Z,London,-1.61,few clouds
2026-01-05T10:16:18.711Z,London,-0.31,scattered clouds
2026-01-05T10:16:18.713Z,London,-0.31,scattered clouds
2026-01-05T12:26:57.026Z,London,1.81,scattered clouds
2026-01-05T12:26:57.028Z,London,1.81,scattered clouds
2026-01-05T14:16:33.248Z,London,2.54,clear sky
2026-01-05T14:16:33.250Z,London,2.54,clear sky
2026-01-05T16:18:11.204Z,London,1.52,scattered clouds
2026-01-05T16:18:11.206Z,London,1.52,scattered clouds
2026-01-05T18:20:25.763Z,London,-0.21,scattered clouds
2026-01-05T18:20:25.764Z,London,-0.21,scattered clouds
2026-01-05T20:15:29.545Z,London,-0.84,clear sky
2026-01-05T20:15:29.547Z,London,-0.84,clear sky
2026-01-05T22:12:54.449Z,London,-1.52,clear sky
2026-01-05T22:12:54.451Z,London,-1.52,clear sky
2026-01-06T01:00:55.535Z,London,-2.07,clear sky
2026-01-06T01:00:55.542Z,London,-2.07,clear sky
2026-01-06T03:22:18.386Z,London,-3.43,clear sky
2026-01-06T03:22:18.388Z,London,-3.43,clear sky
2026-01-06T04:32:24.116Z,London,-3.45,few clouds
2026-01-06T04:32:24.118Z,London,-3.45,few clouds
2026-01-06T06:20:52.325Z,London,-3.33,few clouds
2026-01-06T06:20:52.327Z,London,-3.33,few clouds
2026-01-06T08:19:10.456Z,London,-3.07,scattered clouds
2026-01-06T08:19:10.470Z,London,-3.07,scattered clouds
2026-01-06T10:14:36.444Z,London,-1.08,broken clouds
2026-01-06T10:14:36.445Z,London,-1.08,broken clouds
2026-01-06T12:26:35.403Z,London,0.96,light rain
2026-01-06T12:26:35.405Z,London,0.96,light rain
2026-01-06T14:14:55.869Z,London,2.08,broken clouds
2026-01-06T14:14:55.870Z,London,2.08,broken clouds
2026-01-06T16:17:04.616Z,London,2.27,overcast clouds
2026-01-06T16:17:04.618Z,London,2.27,overcast clouds
2026-01-06T18:19:16.814Z,London,2.65,overcast clouds
2026-01-06T18:19:16.816Z,London,2.65,overcast clouds
2026-01-06T20:14:25.919Z,London,3.71,light rain
2026-01-06T20:14:25.921Z,London,3.71,light rain
2026-01-06T22:13:11.506Z,London,4.29,light rain
2026-01-06T22:13:11.508Z,London,4.29,light rain
2026-01-07T01:01:16.690Z,London,4.69,heavy intensity rain
2026-01-07T01:01:16.693Z,London,4.69,heavy intensity rain
2026-01-07T03:22:11.347Z,London,4.4,broken clouds
2026-01-07T03:22:11.349Z,London,4.4,broken clouds
2026-01-07T04:32:40.417Z,London,3.99,overcast clouds
2026-01-07T04:32:40.419Z,London,3.99,overcast clouds
2026-01-07T06:20:52.305Z,London,2.74,broken clouds
2026-01-07T06:20:52.307Z,London,2.74,broken clouds
2026-01-07T08:18:53.577Z,London,2.2,clear sky
2026-01-07T08:18:53.580Z,London,2.2,clear sky
2026-01-07T10:15:30.858Z,London,3.31,broken clouds
2026-01-07T10:15:30.861Z,London,3.31,broken clouds
2026-01-07T12:26:52.409Z,London,5.92,few clouds
2026-01-07T12:26:52.411Z,London,5.92,few clouds
2026-01-07T14:16:12.534Z,London,6.11,scattered clouds
2026-01-07T14:16:12.536Z,London,6.11,scattered clouds
2026-01-07T16:18:43.989Z,London,5.33,scattered clouds
2026-01-07T16:18:43.990Z,London,5.33,scattered clouds
2026-01-07T18:20:29.025Z,London,4.11,broken clouds
2026-01-07T18:20:29.027Z,London,4.11,broken clouds
2026-01-07T20:14:57.528Z,London,3.07,broken clouds
2026-01-07T20:14:57.530Z,London,3.07,broken clouds
2026-01-07T22:12:38.124Z,London,2.72,broken clouds
2026-01-07T22:12:38.131Z,London,2.72,broken clouds
2026-01-08T01:01:13.089Z,London,3.29,light rain
2026-01-08T01:01:13.091Z,London,3.29,light rain
2026-01-08T03:22:35.479Z,London,3.27,light rain
2026-01-08T03:22:35.481Z,London,3.27,light rain
2026-01-08T04:31:39.584Z,London,3.31,broken clouds
2026-01-08T04:31:39.586Z,London,3.31,broken clouds
2026-01-08T06:20:55.646Z,London,3.07,haze
2026-01-08T06:20:55.648Z,London,3.07,haze
2026-01-08T08:18:56.329Z,London,3.2,overcast clouds
2026-01-08T08:18:56.331Z,London,3.2,overcast clouds
2026-01-08T10:15:34.338Z,London,4.03,overcast clouds
2026-01-08T10:15:34.340Z,London,4.03,overcast clouds
2026-01-08T12:27:08.898Z,London,4.94,overcast clouds
2026-01-08T12:27:08.900Z,London,4.94,overcast clouds
2026-01-08T14:17:12.110Z,London,5.14,light rain
2026-01-08T14:17:12.112Z,London,5.14,light rain
2026-01-08T16:18:04.793Z,London,4.96,heavy intensity rain
2026-01-08T16:18:04.795Z,London,4.96,heavy intensity rain
2026-01-08T18:17:53.059Z,London,4.38,heavy intensity rain
2026-01-08T18:17:53.062Z,London,4.38,heavy intensity rain
2026-01-08T20:14:55.304Z,London,5.43,drizzle rain
2026-01-08T20:14:55.306Z,London,5.43,drizzle rain
2026-01-08T22:13:20.218Z,London,6.72,light rain
2026-01-08T22:13:20.220Z,London,6.72,light rain
2026-01-09T01:01:42.289Z,London,6.37,overcast clouds
2026-01-09T01:01:42.291Z,London,6.37,overcast clouds
2026-01-09T03:23:20.950Z,London,5.19,broken clouds
2026-01-09T03:23:20.952Z,London,5.19,broken clouds
2026-01-09T04:32:24.179Z,London,4.01,overcast clouds
2026-01-09T04:32:24.181Z,London,4.01,overcast clouds
2026-01-09T06:20:52.308Z,London,2.63,light rain
2026-01-09T06:20:52.310Z,London,2.63,light rain
2026-01-09T08:18:55.992Z,London,2.72,overcast clouds
2026-01-09T08:18:55.994Z,London,2.72,overcast clouds
2026-01-09T10:14:27.896Z,London,3.24,light rain
2026-01-09T10:14:27.898Z,London,3.24,light rain
2026-01-09T12:25:56.918Z,London,4.33,light rain
2026-01-09T12:25:56.920Z,London,4.33,light rain
2026-01-09T14:16:00.504Z,London,4.47,overcast clouds
2026-01-09T14:16:00.506Z,London,4.66,overcast clouds
2026-01-09T16:16:18.415Z,London,4.62,broken clouds
2026-01-09T16:16:18.418Z,London,4.62,broken clouds
2026-01-09T18:19:41.701Z,London,4.35,broken clouds
2026-01-09T18:19:41.704Z,London,4.35,broken clouds
2026-01-09T20:15:13.177Z,London,4.01,broken clouds
2026-01-09T20:15:13.179Z,London,4.01,broken clouds
2026-01-09T22:12:57.178Z,London,3.31,broken clouds
2026-01-09T22:12:57.180Z,London,3.31,broken clouds
2026-01-10T00:59:24.783Z,London,2.42,broken clouds
2026-01-10T00:59:24.785Z,London,2.42,broken clouds
2026-01-10T03:17:29.030Z,London,1.96,broken clouds
2026-01-10T03:17:29.032Z,London,1.96,broken clouds
2026-01-10T04:26:55.292Z,London,1.57,broken clouds
2026-01-10T04:26:55.295Z,London,1.57,broken clouds
2026-01-10T06:18:29.772Z,London,1.29,overcast clouds
2026-01-10T06:18:29.774Z,London,1.29,overcast clouds
2026-01-10T08:15:52.836Z,London,1.06,overcast clouds
2026-01-10T08:15:52.837Z,London,1.06,overcast clouds
2026-01-10T10:13:02.129Z,London,1.49,overcast clouds
2026-01-10T10:13:02.132Z,London,1.49,overcast clouds
2026-01-10T12:21:57.085Z,London,2.14,broken clouds
2026-01-10T12:21:57.088Z,London,2.14,broken clouds
2026-01-10T14:11:45.597Z,London,2.86,broken clouds
2026-01-10T14:11:45.599Z,London,2.86,broken clouds
2026-01-10T16:14:06.733Z,London,2.82,overcast clouds
2026-01-10T16:14:06.735Z,London,2.82,overcast clouds
2026-01-10T18:17:44.295Z,London,1.75,overcast clouds
2026-01-10T18:17:44.297Z,London,1.75,overcast clouds
2026-01-10T20:13:20.913Z,London,0.47,overcast clouds
2026-01-10T20:13:20.915Z,London,0.47,overcast clouds
2026-01-10T22:11:57.273Z,London,-0.63,fog
2026-01-10T22:11:57.275Z,London,-0.63,fog
2026-01-11T01:07:04.737Z,London,-1.24,fog
2026-01-11T01:07:04.739Z,London,-1.24,fog
2026-01-11T03:42:25.466Z,London,-0.99,mist
2026-01-11T03:42:25.468Z,London,-0.99,mist
2026-01-11T04:40:22.071Z,London,-0.78,overcast clouds
2026-01-11T04:40:22.073Z,London,-0.78,overcast clouds
2026-01-11T06:19:00.254Z,London,0.29,overcast clouds
2026-01-11T06:19:00.256Z,London,0.29,overcast clouds
2026-01-11T08:16:40.179Z,London,2.22,scattered clouds
2026-01-11T08:16:40.181Z,London,2.22,scattered clouds
2026-01-11T10:12:46.424Z,London,4.15,broken clouds
2026-01-11T10:12:46.425Z,London,4.15,broken clouds
2026-01-11T12:23:21.438Z,London,6.61,overcast clouds
2026-01-11T12:23:21.440Z,London,6.61,overcast clouds
2026-01-11T14:11:22.202Z,London,7.02,broken clouds
2026-01-11T14:11:22.204Z,London,7.02,broken clouds
2026-01-11T16:14:16.752Z,London,6.85,overcast clouds
2026-01-11T16:14:16.755Z,London,6.85,overcast clouds
2026-01-11T18:17:26.126Z,London,7.31,overcast clouds
2026-01-11T18:17:26.128Z,London,7.31,overcast clouds
2026-01-11T20:13:47.584Z,London,7.69,broken clouds
2026-01-11T20:13:47.586Z,London,7.69,broken clouds
2026-01-11T22:11:46.814Z,London,8.42,moderate rain
2026-01-11T22:11:46.816Z,London,8.42,moderate rain
2026-01-12T01:04:07.408Z,London,10.29,light rain
2026-01-12T01:04:07.411Z,London,10.29,light rain
2026-01-12T03:41:18.715Z,London,9.86,broken clouds
2026-01-12T03:41:18.718Z,London,9.86,broken clouds
2026-01-12T04:42:10.252Z,London,9.81,broken clouds
2026-01-12T04:42:10.254Z,London,9.81,broken clouds
2026-01-12T06:23:45.561Z,London,10.04,broken clouds
2026-01-12T06:23:45.563Z,London,10.04,broken clouds
2026-01-12T08:20:04.699Z,London,10.27,broken clouds
2026-01-12T08:20:04.701Z,London,10.27,broken clouds
2026-01-12T10:16:43.358Z,London,10.66,broken clouds
2026-01-12T10:16:43.361Z,London,10.66,broken clouds
2026-01-12T12:28:08.563Z,London,10.79,broken clouds
2026-01-12T12:28:08.566Z,London,10.79,broken clouds
2026-01-12T14:17:20.780Z,London,11.19,overcast clouds
2026-01-12T14:17:20.781Z,London,11.19,overcast clouds
2026-01-12T16:17:58.556Z,London,10.95,broken clouds
2026-01-12T16:17:58.558Z,London,10.95,broken clouds
2026-01-12T18:19:53.127Z,London,10.62,broken clouds
2026-01-12T18:19:53.138Z,London,10.62,broken clouds
2026-01-12T20:15:18.598Z,London,10.49,overcast clouds
2026-01-12T20:15:18.600Z,London,10.49,overcast clouds
2026-01-12T22:12:16.720Z,London,9.88,few clouds
2026-01-12T22:12:16.722Z,London,9.88,few clouds
2026-01-13T00:57:42.746Z,London,9.37,broken clouds
2026-01-13T00:57:42.748Z,London,9.37,broken clouds
2026-01-13T03:21:17.603Z,London,9.49,broken clouds
2026-01-13T03:21:17.605Z,London,9.49,broken clouds
2026-01-13T04:32:07.929Z,London,9.63,overcast clouds
2026-01-13T04:32:07.931Z,London,9.63,overcast clouds
2026-01-13T06:20:53.678Z,London,9.6,scattered clouds
2026-01-13T06:20:53.680Z,London,9.6,scattered clouds
2026-01-13T08:18:55.928Z,London,9.67,broken clouds
2026-01-13T08:18:55.930Z,London,9.67,broken clouds
2026-01-13T10:15:11.816Z,London,10.04,moderate rain
2026-01-13T10:15:11.818Z,London,10.04,moderate rain
2026-01-13T12:27:32.110Z,London,10.6,heavy intensity rain
2026-01-13T12:27:32.112Z,London,10.6,heavy intensity rain
2026-01-13T14:17:24.895Z,London,10.28,light rain
2026-01-13T14:17:24.896Z,London,10.28,light rain
2026-01-13T16:20:15.589Z,London,10.5,moderate rain
2026-01-13T16:20:15.591Z,London,10.5,moderate rain
2026-01-13T18:21:03.684Z,London,10.1,light rain
2026-01-13T18:21:03.688Z,London,10.1,light rain
2026-01-13T20:14:58.801Z,London,8.54,light rain
2026-01-13T20:14:58.803Z,London,8.54,light rain
2026-01-13T22:13:43.195Z,London,6.82,overcast clouds
2026-01-13T22:13:43.197Z,London,6.82,overcast clouds
2026-01-14T01:03:13.138Z,London,5.19,overcast clouds
2026-01-14T01:03:13.140Z,London,5.19,overcast clouds
2026-01-14T03:29:09.447Z,London,2.95,overcast clouds
2026-01-14T03:29:09.449Z,London,2.95,overcast clouds
2026-01-14T04:39:40.502Z,London,2.02,broken clouds
2026-01-14T04:39:40.504Z,London,2.02,broken clouds
2026-01-14T06:21:19.152Z,London,1.79,scattered clouds
2026-01-14T06:21:19.154Z,London,1.79,scattered clouds
2026-01-14T08:18:53.155Z,London,1.25,clear sky
2026-01-14T08:18:53.157Z,London,1.25,clear sky
2026-01-14T10:15:54.164Z,London,2.68,clear sky
2026-01-14T10:15:54.167Z,London,2.68,clear sky
2026-01-14T12:26:22.142Z,London,6.28,few clouds
2026-01-14T12:26:22.144Z,London,6.28,few clouds
2026-01-14T14:17:37.700Z,London,7.67,broken clouds
2026-01-14T14:17:37.702Z,London,7.67,broken clouds
2026-01-14T16:19:05.271Z,London,7.08,overcast clouds
2026-01-14T16:19:05.273Z,London,7.08,overcast clouds
2026-01-14T18:21:18.439Z,London,6.97,overcast clouds
2026-01-14T18:21:18.442Z,London,6.97,overcast clouds
2026-01-14T20:12:43.267Z,London,8.3,light rain
2026-01-14T20:12:43.269Z,London,8.3,light rain
2026-01-14T22:13:58.871Z,London,9.28,broken clouds
2026-01-14T22:13:58.892Z,London,9.28,broken clouds
2026-01-15T00:59:08.129Z,London,9.68,broken clouds
2026-01-15T00:59:08.131Z,London,9.68,broken clouds
2026-01-15T03:23:37.685Z,London,7.82,scattered clouds
2026-01-15T03:23:37.687Z,London,7.82,scattered clouds
2026-01-15T04:32:38.655Z,London,7.98,light rain
2026-01-15T04:32:38.658Z,London,7.98,light rain
2026-01-15T06:20:38.530Z,London,8.59,broken clouds
2026-01-15T06:20:38.532Z,London,8.59,broken clouds
2026-01-15T08:19:35.950Z,London,9,overcast clouds
2026-01-15T08:19:35.952Z,London,9,overcast clouds
2026-01-15T10:15:05.817Z,London,8.85,drizzle rain
2026-01-15T10:15:05.819Z,London,8.85,drizzle rain
2026-01-15T12:25:56.500Z,London,8.85,light rain
2026-01-15T12:25:56.503Z,London,8.85,light rain
2026-01-15T14:17:03.065Z,London,8.63,moderate rain
2026-01-15T14:17:03.067Z,London,8.63,moderate rain
2026-01-15T16:23:15.658Z,London,8.99,light rain
2026-01-15T16:23:15.665Z,London,8.99,light rain
2026-01-15T18:25:02.880Z,London,9.46,moderate rain
2026-01-15T18:25:02.882Z,London,9.46,moderate rain
2026-01-15T20:15:16.748Z,London,9.11,broken clouds
2026-01-15T20:15:16.750Z,London,9.11,broken clouds
2026-01-15T22:13:52.007Z,London,6.82,overcast clouds
2026-01-15T22:13:52.009Z,London,6.82,overcast clouds
2026-01-16T01:01:56.677Z,London,5.64,broken clouds
2026-01-16T01:01:56.679Z,London,5.64,broken clouds
2026-01-16T03:22:48.440Z,London,4.33,clear sky
2026-01-16T03:22:48.443Z,London,4.33,clear sky
2026-01-16T04:31:57.276Z,London,4.24,clear sky
2026-01-16T04:31:57.279Z,London,4.24,clear sky
2026-01-16T06:21:10.778Z,London,4.36,light rain
2026-01-16T06:21:10.780Z,London,4.36,light rain
2026-01-16T08:18:17.053Z,London,6.03,broken clouds
2026-01-16T08:18:17.056Z,London,6.03,broken clouds
2026-01-16T10:14:24.308Z,London,7.47,few clouds
2026-01-16T10:14:24.310Z,London,7.47,few clouds
2026-01-16T12:25:23.637Z,London,9.68,broken clouds
2026-01-16T12:25:23.639Z,London,9.68,broken clouds
2026-01-16T14:15:56.073Z,London,9.91,few clouds
2026-01-16T14:15:56.075Z,London,9.91,few clouds
2026-01-16T16:17:34.971Z,London,9.03,scattered clouds
2026-01-16T16:17:34.973Z,London,9.03,scattered clouds
2026-01-16T18:19:57.957Z,London,8.27,scattered clouds
2026-01-16T18:19:57.959Z,London,8.27,scattered clouds
2026-01-16T20:13:44.301Z,London,7.83,overcast clouds
2026-01-16T20:13:44.303Z,London,7.83,overcast clouds
2026-01-16T22:12:58.071Z,London,7.51,overcast clouds
2026-01-16T22:12:58.073Z,London,7.51,overcast clouds
2026-01-17T00:59:02.474Z,London,8.03,overcast clouds
2026-01-17T00:59:02.476Z,London,8.03,overcast clouds
2026-01-17T03:16:03.507Z,London,8.11,broken clouds
2026-01-17T03:16:03.509Z,London,8.11,broken clouds
2026-01-17T04:25:14.399Z,London,7.7,broken clouds
2026-01-17T04:25:14.401Z,London,7.7,broken clouds
2026-01-17T06:18:46.179Z,London,7.71,light rain
2026-01-17T06:18:46.181Z,London,7.71,light rain
2026-01-17T08:15:39.487Z,London,8.08,broken clouds
2026-01-17T08:15:39.489Z,London,8.08,broken clouds
2026-01-17T10:12:39.604Z,London,9.17,few clouds
2026-01-17T10:12:39.606Z,London,9.17,few clouds
2026-01-17T12:22:08.977Z,London,10.16,broken clouds
2026-01-17T12:22:08.979Z,London,10.16,broken clouds
2026-01-17T14:11:19.930Z,London,10.7,scattered clouds
2026-01-17T14:11:19.932Z,London,10.7,scattered clouds
2026-01-17T16:13:32.616Z,London,9.88,scattered clouds
2026-01-17T16:13:32.618Z,London,9.88,scattered clouds
2026-01-17T18:17:12.355Z,London,8.67,overcast clouds
2026-01-17T18:17:12.357Z,London,8.67,overcast clouds
2026-01-17T20:12:58.939Z,London,7.95,overcast clouds
2026-01-17T20:12:58.948Z,London,7.95,overcast clouds
2026-01-17T22:11:51.585Z,London,7.3,mist
2026-01-17T22:11:51.587Z,London,7.3,mist
2026-01-18T01:06:06.853Z,London,6.72,mist
2026-01-18T01:06:06.854Z,London,6.72,mist
2026-01-18T03:28:56.169Z,London,7.12,mist
2026-01-18T03:28:56.171Z,London,7.12,mist
2026-01-18T04:35:25.300Z,London,7.11,light rain
2026-01-18T04:35:25.302Z,London,7.11,light rain
2026-01-18T06:18:59.267Z,London,7,mist
2026-01-18T06:18:59.270Z,London,7,mist
2026-01-18T08:16:14.851Z,London,7.14,mist
2026-01-18T08:16:14.853Z,London,7.14,mist
2026-01-18T10:12:49.887Z,London,7.52,mist
2026-01-18T10:12:49.889Z,London,7.52,mist
2026-01-18T12:22:47.831Z,London,9.84,few clouds
2026-01-18T12:22:47.833Z,London,9.84,few clouds
2026-01-18T14:11:12.586Z,London,11.29,overcast clouds
2026-01-18T14:11:12.588Z,London,11.29,overcast clouds
2026-01-18T16:14:19.014Z,London,10.96,overcast clouds
2026-01-18T16:14:19.015Z,London,10.96,overcast clouds
2026-01-18T18:16:46.998Z,London,9.9,overcast clouds
2026-01-18T18:16:47.000Z,London,9.9,overcast clouds
2026-01-18T20:13:50.585Z,London,9.23,overcast clouds
2026-01-18T20:13:50.638Z,London,9.23,overcast clouds
2026-01-18T22:12:00.671Z,London,8.45,overcast clouds
2026-01-18T22:12:00.673Z,London,8.45,overcast clouds
2026-01-19T01:05:33.866Z,London,7.39,broken clouds
2026-01-19T01:05:33.868Z,London,7.39,broken clouds
2026-01-19T03:42:27.448Z,London,7.7,broken clouds
2026-01-19T03:42:27.450Z,London,7.7,broken clouds
2026-01-19T04:43:43.757Z,London,8.06,broken clouds
2026-01-19T04:43:43.759Z,London,8.06,broken clouds
2026-01-19T06:25:36.351Z,London,7.37,broken clouds
2026-01-19T06:25:36.354Z,London,7.37,broken clouds
2026-01-19T08:21:03.383Z,London,7.51,scattered clouds
2026-01-19T08:21:03.384Z,London,7.51,scattered clouds
2026-01-19T10:19:32.648Z,London,9.18,overcast clouds
2026-01-19T10:19:32.650Z,London,9.18,overcast clouds
2026-01-19T12:28:25.168Z,London,9.93,overcast clouds
2026-01-19T12:28:25.171Z,London,9.93,overcast clouds
2026-01-19T14:19:10.294Z,London,10.31,overcast clouds
2026-01-19T14:19:10.296Z,London,10.31,overcast clouds
2026-01-19T16:18:20.433Z,London,10.5,overcast clouds
2026-01-19T16:18:20.435Z,London,10.5,overcast clouds
2026-01-19T18:19:31.589Z,London,9.86,light rain
2026-01-19T18:19:31.591Z,London,9.86,light rain
2026-01-19T20:14:44.448Z,London,9.3,overcast clouds
2026-01-19T20:14:44.450Z,London,9.3,overcast clouds
2026-01-19T22:13:15.872Z,London,9.65,broken clouds
2026-01-19T22:13:15.874Z,London,9.65,broken clouds
2026-01-20T01:00:35.216Z,London,9.5,overcast clouds
2026-01-20T01:00:35.219Z,London,9.5,overcast clouds
2026-01-20T03:26:15.372Z,London,8.95,broken clouds
2026-01-20T03:26:15.374Z,London,8.95,broken clouds
2026-01-20T04:37:41.090Z,London,9.03,overcast clouds
2026-01-20T04:37:41.092Z,London,9.03,overcast clouds
2026-01-20T06:22:39.258Z,London,8.76,scattered clouds
2026-01-20T06:22:39.260Z,London,8.76,scattered clouds
2026-01-20T08:20:08.310Z,London,8.96,overcast clouds
2026-01-20T08:20:08.312Z,London,8.96,overcast clouds
2026-01-20T10:18:19.963Z,London,9.36,scattered clouds
2026-01-20T10:18:19.965Z,London,9.36,scattered clouds
2026-01-20T12:29:05.226Z,London,10.15,broken clouds
2026-01-20T12:29:05.228Z,London,10.15,broken clouds
2026-01-20T14:22:30.614Z,London,9.98,broken clouds
2026-01-20T14:22:30.616Z,London,9.98,broken clouds
2026-01-20T16:23:24.795Z,London,9.36,scattered clouds
2026-01-20T16:23:24.820Z,London,9.36,scattered clouds
2026-01-20T18:22:49.512Z,London,8.81,broken clouds
2026-01-20T18:22:49.514Z,London,8.81,broken clouds
2026-01-20T20:38:29.007Z,London,9.03,light rain
2026-01-20T20:38:29.054Z,London,9.03,light rain
2026-01-20T22:14:39.195Z,London,8.28,moderate rain
2026-01-20T22:14:39.197Z,London,8.28,moderate rain
2026-01-21T01:02:48.735Z,London,7.59,broken clouds
2026-01-21T01:02:48.737Z,London,7.59,broken clouds
2026-01-21T03:25:58.240Z,London,6.52,broken clouds
2026-01-21T03:25:58.242Z,London,6.52,broken clouds
2026-01-21T04:37:02.898Z,London,6.19,broken clouds
2026-01-21T04:37:02.900Z,London,6.19,broken clouds
2026-01-21T06:22:41.452Z,London,6.11,few clouds
2026-01-21T06:22:41.454Z,London,6.11,few clouds
2026-01-21T08:20:32.840Z,London,7.03,light rain
2026-01-21T08:20:32.842Z,London,7.03,light rain
2026-01-21T10:17:44.413Z,London,8.74,moderate rain
2026-01-21T10:17:44.415Z,London,8.74,moderate rain
2026-01-21T12:29:08.195Z,London,9.31,light rain
2026-01-21T12:29:08.197Z,London,9.31,light rain
2026-01-21T14:21:42.021Z,London,8.96,light rain
2026-01-21T14:21:42.022Z,London,8.96,light rain
2026-01-21T16:27:20.129Z,London,8.91,light rain
2026-01-21T16:27:20.131Z,London,8.91,light rain
2026-01-21T18:31:39.057Z,London,9.2,light rain
2026-01-21T18:31:39.063Z,London,9.2,light rain
2026-01-21T20:20:59.914Z,London,9.36,light rain
2026-01-21T20:20:59.916Z,London,9.36,light rain
2026-01-21T22:15:41.629Z,London,9.37,few clouds
2026-01-21T22:15:41.631Z,London,9.37,few clouds
2026-01-22T01:02:30.314Z,London,9.39,light rain
2026-01-22T01:02:30.316Z,London,9.39,light rain
2026-01-22T03:29:39.951Z,London,8.75,light rain
2026-01-22T03:29:39.953Z,London,8.75,light rain
2026-01-22T04:40:34.516Z,London,8.31,broken clouds
2026-01-22T04:40:34.518Z,London,8.31,broken clouds
2026-01-22T06:21:30.573Z,London,8.29,overcast clouds
2026-01-22T06:21:30.578Z,London,8.29,overcast clouds
2026-01-22T08:19:45.531Z,London,7.9,light rain
2026-01-22T08:19:45.533Z,London,7.9,light rain
2026-01-22T10:18:20.165Z,London,8.41,overcast clouds
2026-01-22T10:18:20.167Z,London,8.41,overcast clouds
2026-01-22T12:28:58.481Z,London,9.03,overcast clouds
2026-01-22T12:28:58.484Z,London,9.03,overcast clouds
2026-01-22T14:22:19.806Z,London,9.29,light rain
2026-01-22T14:22:19.808Z,London,9.29,light rain
2026-01-22T16:22:31.791Z,London,8.39,overcast clouds
2026-01-22T16:22:31.796Z,London,8.39,overcast clouds
2026-01-22T18:19:29.821Z,London,8.83,broken clouds
2026-01-22T18:19:29.823Z,London,8.83,broken clouds
2026-01-22T20:16:19.717Z,London,8.69,broken clouds
2026-01-22T20:16:19.719Z,London,8.69,broken clouds
2026-01-22T22:14:05.741Z,London,8.22,broken clouds
2026-01-22T22:14:05.743Z,London,8.22,broken clouds
2026-01-23T01:02:28.118Z,London,7.53,broken clouds
2026-01-23T01:02:28.121Z,London,7.53,broken clouds
2026-01-23T03:25:43.868Z,London,7.05,broken clouds
2026-01-23T03:25:43.871Z,London,7.05,broken clouds
2026-01-23T04:35:06.678Z,London,6.95,broken clouds
2026-01-23T04:35:06.680Z,London,6.95,broken clouds
2026-01-23T06:21:22.064Z,London,7.06,scattered clouds
2026-01-23T06:21:22.066Z,London,7.06,scattered clouds
2026-01-23T08:18:40.044Z,London,7.22,light rain
2026-01-23T08:18:40.046Z,London,7.22,light rain
2026-01-23T10:15:56.797Z,London,7.12,overcast clouds
2026-01-23T10:15:56.799Z,London,7.12,overcast clouds
2026-01-23T12:27:35.163Z,London,7.98,broken clouds
2026-01-23T12:27:35.165Z,London,7.98,broken clouds
2026-01-23T14:17:25.898Z,London,8.97,broken clouds
2026-01-23T14:17:25.900Z,London,8.97,broken clouds
2026-01-23T16:18:47.905Z,London,8.86,broken clouds
2026-01-23T16:18:47.930Z,London,8.86,broken clouds
2026-01-23T18:20:13.442Z,London,8.05,broken clouds
2026-01-23T18:20:13.446Z,London,8.05,broken clouds
2026-01-23T20:15:34.452Z,London,7.63,broken clouds
2026-01-23T20:15:34.453Z,London,7.63,broken clouds
2026-01-23T22:11:11.110Z,London,7.6,broken clouds
2026-01-23T22:11:11.112Z,London,7.6,broken clouds
2026-01-24T00:59:29.662Z,London,7.05,overcast clouds
2026-01-24T00:59:29.664Z,London,7.05,overcast clouds
2026-01-24T03:19:56.723Z,London,7.15,broken clouds
2026-01-24T03:19:56.727Z,London,7.15,broken clouds
2026-01-24T04:28:21.501Z,London,7.05,overcast clouds
2026-01-24T04:28:21.503Z,London,7.05,overcast clouds
2026-01-24T06:19:16.632Z,London,6.47,scattered clouds
2026-01-24T06:19:16.634Z,London,6.47,scattered clouds
2026-01-24T08:16:17.467Z,London,5.85,few clouds
2026-01-24T08:16:17.469Z,London,5.85,few clouds
2026-01-24T10:12:57.434Z,London,7.31,scattered clouds
2026-01-24T10:12:57.436Z,London,7.31,scattered clouds
2026-01-24T12:23:01.572Z,London,9.08,scattered clouds
2026-01-24T12:23:01.574Z,London,9.08,scattered clouds
2026-01-24T14:11:53.053Z,London,9.26,scattered clouds
2026-01-24T14:11:53.055Z,London,9.26,scattered clouds
2026-01-24T16:14:17.278Z,London,8.42,broken clouds
2026-01-24T16:14:17.280Z,London,8.42,broken clouds
2026-01-24T18:18:00.340Z,London,7.09,broken clouds
2026-01-24T18:18:00.342Z,London,7.09,broken clouds
2026-01-24T20:12:56.451Z,London,7.28,light rain
2026-01-24T20:12:56.453Z,London,7.28,light rain
2026-01-24T22:12:02.584Z,London,7.33,moderate rain
2026-01-24T22:12:02.586Z,London,7.33,moderate rain
2026-01-25T01:08:00.881Z,London,6.95,moderate rain
2026-01-25T01:08:00.883Z,London,6.95,moderate rain
2026-01-25T03:45:54.769Z,London,7.19,broken clouds
2026-01-25T03:45:54.771Z,London,7.19,broken clouds
2026-01-25T04:44:36.965Z,London,7.19,light rain
2026-01-25T04:44:36.967Z,London,7.19,light rain
2026-01-25T06:19:48.323Z,London,7.08,broken clouds
2026-01-25T06:19:48.325Z,London,7.08,broken clouds
2026-01-25T08:16:45.826Z,London,7.04,light rain
2026-01-25T08:16:45.828Z,London,7.04,light rain
2026-01-25T10:13:18.007Z,London,6.92,moderate rain
2026-01-25T10:13:18.009Z,London,6.92,moderate rain
2026-01-25T12:24:28.405Z,London,7.24,overcast clouds
2026-01-25T12:24:28.407Z,London,7.24,overcast clouds
2026-01-25T14:11:44.244Z,London,7.32,broken clouds
2026-01-25T14:11:44.245Z,London,7.32,broken clouds
2026-01-25T16:14:56.804Z,London,6.38,overcast clouds
2026-01-25T16:14:56.806Z,London,6.38,overcast clouds
2026-01-25T18:18:10.656Z,London,5.86,overcast clouds
2026-01-25T18:18:10.669Z,London,5.86,overcast clouds
2026-01-25T20:14:17.656Z,London,5.88,overcast clouds
2026-01-25T20:14:17.658Z,London,5.88,overcast clouds
2026-01-25T22:12:34.559Z,London,5.81,overcast clouds
2026-01-25T22:12:34.561Z,London,5.81,overcast clouds
2026-01-26T01:06:35.847Z,London,5.41,broken clouds
2026-01-26T01:06:35.849Z,London,5.41,broken clouds
2026-01-26T03:49:15.732Z,London,4.7,haze
2026-01-26T03:49:15.735Z,London,4.7,haze
2026-01-26T04:48:45.763Z,London,4.49,haze
2026-01-26T04:48:45.765Z,London,4.49,haze
2026-01-26T06:24:48.473Z,London,4.37,overcast clouds
2026-01-26T06:24:48.475Z,London,4.37,overcast clouds
2026-01-26T08:20:38.021Z,London,4.23,haze
2026-01-26T08:20:38.029Z,London,4.23,haze
2026-01-26T10:17:50.059Z,London,4.31,haze
2026-01-26T10:17:50.061Z,London,4.31,haze
2026-01-26T12:28:26.255Z,London,5.15,overcast clouds
2026-01-26T12:28:26.257Z,London,5.15,overcast clouds
2026-01-26T14:20:49.528Z,London,5.74,overcast clouds
2026-01-26T14:20:49.530Z,London,5.74,overcast clouds
2026-01-26T16:22:17.935Z,London,5.56,overcast clouds
2026-01-26T16:22:17.937Z,London,5.56,overcast clouds
2026-01-26T18:22:15.149Z,London,5.71,overcast clouds
2026-01-26T18:22:15.151Z,London,5.71,overcast clouds
2026-01-26T20:16:02.741Z,London,5.65,overcast clouds
2026-01-26T20:16:02.743Z,London,5.65,overcast clouds
2026-01-26T22:13:40.381Z,London,5.62,overcast clouds
2026-01-26T22:13:40.383Z,London,5.62,overcast clouds
2026-01-27T01:05:15.632Z,London,6.46,light rain
2026-01-27T01:05:15.634Z,London,6.46,light rain
2026-01-27T03:30:02.199Z,London,6.45,overcast clouds
2026-01-27T03:30:02.203Z,London,6.45,overcast clouds
2026-01-27T04:39:45.579Z,London,6.59,light rain
2026-01-27T04:39:45.581Z,London,6.59,light rain
2026-01-27T06:22:11.235Z,London,6.38,moderate rain
2026-01-27T06:22:11.237Z,London,6.38,moderate rain
2026-01-27T08:20:16.967Z,London,6.22,light rain
2026-01-27T08:20:16.969Z,London,6.22,light rain
2026-01-27T10:18:08.163Z,London,6.81,light rain
2026-01-27T10:18:08.166Z,London,6.81,light rain
2026-01-27T12:28:25.261Z,London,7.45,broken clouds
2026-01-27T12:28:25.263Z,London,7.45,broken clouds
2026-01-27T14:21:57.502Z,London,8.7,scattered clouds
2026-01-27T14:21:57.505Z,London,8.7,scattered clouds
2026-01-27T16:19:05.281Z,London,9.61,few clouds
2026-01-27T16:19:05.283Z,London,9.61,few clouds
2026-01-27T18:25:35.416Z,London,8.19,overcast clouds
2026-01-27T18:25:35.418Z,London,8.19,overcast clouds
2026-01-27T20:14:25.704Z,London,7.02,few clouds
2026-01-27T20:14:25.706Z,London,7.02,few clouds
2026-01-27T22:14:31.096Z,London,6.33,light rain
2026-01-27T22:14:31.098Z,London,6.33,light rain
2026-01-28T01:01:53.407Z,London,4.15,clear sky
2026-01-28T01:01:53.410Z,London,4.15,clear sky
2026-01-28T03:28:10.886Z,London,3.91,scattered clouds
2026-01-28T03:28:10.888Z,London,3.91,scattered clouds
2026-01-28T04:37:06.693Z,London,3.78,clear sky
2026-01-28T04:37:06.695Z,London,3.78,clear sky
2026-01-28T06:23:44.728Z,London,2.96,clear sky
2026-01-28T06:23:44.730Z,London,2.96,clear sky
2026-01-28T08:20:03.003Z,London,2.2,clear sky
2026-01-28T08:20:03.005Z,London,2.2,clear sky
2026-01-28T10:19:18.558Z,London,4.99,few clouds
2026-01-28T10:19:18.560Z,London,4.99,few clouds
2026-01-28T12:29:32.381Z,London,8.42,scattered clouds
2026-01-28T12:29:32.383Z,London,8.42,scattered clouds
2026-01-28T14:21:51.153Z,London,9.05,scattered clouds
2026-01-28T14:21:51.155Z,London,9.05,scattered clouds
2026-01-28T16:25:06.863Z,London,8.4,broken clouds
2026-01-28T16:25:06.865Z,London,8.4,broken clouds
2026-01-28T18:26:02.904Z,London,6.28,broken clouds
2026-01-28T18:26:02.906Z,London,6.28,broken clouds
2026-01-28T20:19:46.534Z,London,4.99,scattered clouds
2026-01-28T20:19:46.536Z,London,4.99,scattered clouds
2026-01-28T22:17:49.126Z,London,3.65,few clouds
2026-01-28T22:17:49.128Z,London,3.65,few clouds
2026-01-29T01:11:10.418Z,London,2.62,fog
2026-01-29T01:11:10.420Z,London,2.62,fog
2026-01-29T04:00:19.007Z,London,2.03,fog
2026-01-29T04:00:19.009Z,London,2.03,fog
2026-01-29T06:35:01.348Z,London,2.22,fog
2026-01-29T06:35:01.352Z,London,2.22,fog
2026-01-29T08:28:34.304Z,London,3.11,overcast clouds
2026-01-29T08:28:34.306Z,London,3.11,overcast clouds
2026-01-29T10:27:10.618Z,London,4.97,broken clouds
2026-01-29T10:27:10.620Z,London,4.97,broken clouds
2026-01-29T12:34:10.693Z,London,6.59,overcast clouds
2026-01-29T12:34:10.695Z,London,6.59,overcast clouds
2026-01-29T14:32:47.820Z,London,6.83,overcast clouds
2026-01-29T14:32:47.822Z,London,6.83,overcast clouds
2026-01-29T16:32:24.227Z,London,6.06,broken clouds
2026-01-29T16:32:24.229Z,London,6.06,broken clouds
2026-01-29T18:31:47.109Z,London,5.19,overcast clouds
2026-01-29T18:31:47.111Z,London,5.19,overcast clouds
2026-01-29T20:19:47.086Z,London,4.76,overcast clouds
2026-01-29T20:19:47.089Z,London,4.76,overcast clouds
2026-01-29T22:18:02.578Z,London,4.56,overcast clouds
2026-01-29T22:18:02.579Z,London,4.56,overcast clouds
2026-01-30T01:10:34.475Z,London,3.92,heavy intensity rain
2026-01-30T01:10:34.477Z,London,3.92,heavy intensity rain
2026-01-30T04:00:30.256Z,London,4.63,light rain
2026-01-30T04:00:30.258Z,London,4.63,light rain
2026-01-30T06:36:10.362Z,London,5.56,moderate rain
2026-01-30T06:36:10.364Z,London,5.56,moderate rain
2026-01-30T08:27:05.983Z,London,6.25,moderate rain
2026-01-30T08:27:05.986Z,London,6.25,moderate rain
2026-01-30T10:23:45.546Z,London,8.06,broken clouds
2026-01-30T10:23:45.549Z,London,8.06,broken clouds
2026-01-30T12:33:05.970Z,London,10.32,broken clouds
2026-01-30T12:33:05.972Z,London,10.32,broken clouds
2026-01-30T14:27:55.952Z,London,10.72,broken clouds
2026-01-30T14:27:55.954Z,London,10.72,broken clouds
2026-01-30T16:27:30.220Z,London,9.49,broken clouds
2026-01-30T16:27:30.222Z,London,9.49,broken clouds
2026-01-30T18:29:34.964Z,London,8.6,moderate rain
2026-01-30T18:29:34.967Z,London,8.6,moderate rain
2026-01-30T20:18:42.098Z,London,8.58,broken clouds
2026-01-30T20:18:42.100Z,London,8.58,broken clouds
2026-01-30T22:15:07.544Z,London,7.42,few clouds
2026-01-30T22:15:07.546Z,London,7.42,few clouds
2026-01-31T01:07:45.122Z,London,7.26,scattered clouds
2026-01-31T01:07:45.124Z,London,7.26,scattered clouds
2026-01-31T03:57:20.837Z,London,6.86,few clouds
2026-01-31T03:57:20.839Z,London,6.86,few clouds
2026-01-31T04:59:24.476Z,London,6.65,few clouds
2026-01-31T04:59:24.478Z,London,6.65,few clouds
2026-01-31T06:26:20.669Z,London,6.71,few clouds
2026-01-31T08:18:29.639Z,London,7.23,overcast clouds
2026-01-31T08:18:29.641Z,London,7.23,overcast clouds
2026-01-31T10:15:06.229Z,London,8.39,broken clouds
2026-01-31T10:15:06.231Z,London,8.39,broken clouds
2026-01-31T12:26:52.432Z,London,9.61,broken clouds
2026-01-31T12:26:52.434Z,London,9.61,broken clouds
2026-01-31T14:15:57.081Z,London,10.58,scattered clouds
2026-01-31T14:15:57.083Z,London,10.58,scattered clouds
2026-01-31T16:16:42.619Z,London,9.46,broken clouds
2026-01-31T16:16:42.621Z,London,9.46,broken clouds
2026-01-31T18:19:15.640Z,London,8.7,broken clouds
2026-01-31T18:19:15.642Z,London,8.7,broken clouds
2026-01-31T20:15:02.938Z,London,7.69,few clouds
2026-01-31T20:15:02.940Z,London,7.69,few clouds
2026-01-31T22:13:51.072Z,London,7.74,light rain
2026-01-31T22:13:51.074Z,London,7.74,light rain
2026-02-01T01:22:43.625Z,London,7.66,broken clouds
2026-02-01T01:22:43.627Z,London,7.66,broken clouds
2026-02-01T04:21:54.526Z,London,7.43,overcast clouds
2026-02-01T04:21:54.528Z,London,7.43,overcast clouds
2026-02-01T06:38:11.721Z,London,7.67,broken clouds
2026-02-01T06:38:11.723Z,London,7.67,broken clouds
2026-02-01T08:21:32.760Z,London,7.62,broken clouds
2026-02-01T08:21:32.762Z,London,7.62,broken clouds
2026-02-01T10:16:01.470Z,London,8.54,light rain
2026-02-01T10:16:01.473Z,London,8.54,light rain
2026-02-01T12:28:08.665Z,London,9.46,overcast clouds
2026-02-01T12:28:08.666Z,London,9.46,overcast clouds
2026-02-01T14:17:46.309Z,London,8.85,light rain
2026-02-01T14:17:46.312Z,London,8.85,light rain
2026-02-01T16:17:36.250Z,London,8.6,light rain
2026-02-01T16:17:36.252Z,London,8.6,light rain
2026-02-01T18:21:02.933Z,London,8.17,light rain
2026-02-01T18:21:02.934Z,London,8.17,light rain
2026-02-01T20:15:09.120Z,London,7.79,moderate rain
2026-02-01T20:15:09.122Z,London,7.79,moderate rain
2026-02-01T22:14:37.029Z,London,7.37,light rain
2026-02-01T22:14:37.031Z,London,7.37,light rain
2026-02-02T01:14:30.458Z,London,7.2,overcast clouds
2026-02-02T01:14:30.484Z,London,7.2,overcast clouds
2026-02-02T04:14:24.525Z,London,7.26,overcast clouds
2026-02-02T04:14:24.527Z,London,7.26,overcast clouds
2026-02-02T06:52:03.409Z,London,7.23,overcast clouds
2026-02-02T06:52:03.411Z,London,7.23,overcast clouds
2026-02-02T08:32:22.301Z,London,7.24,overcast clouds
2026-02-02T08:32:22.303Z,London,7.24,overcast clouds
2026-02-02T10:35:04.225Z,London,7.65,overcast clouds
2026-02-02T10:35:04.230Z,London,7.65,overcast clouds
2026-02-02T12:36:07.157Z,London,8.27,overcast clouds
2026-02-02T12:36:07.159Z,London,8.27,overcast clouds
2026-02-02T14:35:26.868Z,London,8.16,overcast clouds
2026-02-02T14:35:26.871Z,London,8.16,overcast clouds
2026-02-02T16:26:13.040Z,London,7.77,overcast clouds
2026-02-02T16:26:13.042Z,London,7.77,overcast clouds
2026-02-02T18:32:39.879Z,London,7.53,overcast clouds
2026-02-02T18:32:39.881Z,London,7.53,overcast clouds
2026-02-03T01:15:18.456Z,London,6.65,overcast clouds
2026-02-03T01:15:18.459Z,London,6.65,overcast clouds
2026-02-03T04:06:33.116Z,London,6.1,overcast clouds
2026-02-03T04:06:33.118Z,London,6.1,overcast clouds
2026-02-03T06:38:18.698Z,London,5.27,overcast clouds
2026-02-03T06:38:18.700Z,London,5.27,overcast clouds
2026-02-03T08:26:33.251Z,London,4.79,light rain
2026-02-03T08:26:33.255Z,London,4.79,light rain
2026-02-03T10:30:09.911Z,London,4.74,light rain
2026-02-03T10:30:09.914Z,London,4.74,light rain
2026-02-03T12:36:44.921Z,London,4.51,light rain
2026-02-03T12:36:44.923Z,London,4.51,light rain
2026-02-03T14:38:03.208Z,London,4.49,light rain
2026-02-03T14:38:03.210Z,London,4.49,light rain
2026-02-03T16:40:54.909Z,London,3.89,moderate rain
2026-02-03T16:40:54.912Z,London,3.89,moderate rain
2026-02-03T18:42:39.538Z,London,3.74,moderate rain
2026-02-03T18:42:39.541Z,London,3.74,moderate rain
2026-02-03T20:25:52.506Z,London,3.69,moderate rain
2026-02-03T20:25:52.508Z,London,3.69,moderate rain
2026-02-03T22:21:13.299Z,London,3.59,broken clouds
2026-02-03T22:21:13.301Z,London,3.59,broken clouds
2026-02-04T01:10:03.290Z,London,4.09,overcast clouds
2026-02-04T01:10:03.292Z,London,4.09,overcast clouds
2026-02-04T04:04:03.911Z,London,4.8,mist
2026-02-04T04:04:03.913Z,London,4.8,mist
2026-02-04T06:38:42.723Z,London,5.36,broken clouds
2026-02-04T06:38:42.725Z,London,5.36,broken clouds
2026-02-04T08:30:00.261Z,London,6.42,broken clouds
2026-02-04T08:30:00.263Z,London,6.42,broken clouds
2026-02-04T10:30:02.920Z,London,8.11,broken clouds
2026-02-04T10:30:02.924Z,London,8.11,broken clouds
2026-02-04T12:36:54.925Z,London,9.77,few clouds
2026-02-04T12:36:54.927Z,London,9.77,few clouds
2026-02-04T14:36:20.324Z,London,10.82,few clouds
2026-02-04T14:36:20.326Z,London,10.82,few clouds
2026-02-04T16:35:11.354Z,London,9.25,broken clouds
2026-02-04T16:35:11.356Z,London,9.25,broken clouds
2026-02-04T18:35:48.209Z,London,8.19,broken clouds
2026-02-04T18:35:48.211Z,London,8.19,broken clouds
2026-02-04T20:23:31.946Z,London,8.62,broken clouds
2026-02-04T20:23:31.948Z,London,8.62,broken clouds
2026-02-04T22:17:19.666Z,London,8.28,broken clouds
2026-02-04T22:17:19.695Z,London,8.28,broken clouds
2026-02-05T01:11:27.663Z,London,7.63,overcast clouds
2026-02-05T01:11:27.665Z,London,7.63,overcast clouds
2026-02-05T04:05:36.878Z,London,6.53,broken clouds
2026-02-05T04:05:36.880Z,London,6.53,broken clouds
2026-02-05T06:45:21.850Z,London,6.25,overcast clouds
2026-02-05T06:45:21.852Z,London,6.25,overcast clouds
2026-02-05T08:31:52.977Z,London,6.17,overcast clouds
2026-02-05T08:31:52.978Z,London,6.17,overcast clouds
2026-02-05T10:31:44.736Z,London,6.52,overcast clouds
2026-02-05T10:31:44.738Z,London,6.52,overcast clouds
2026-02-05T12:38:33.307Z,London,7.23,drizzle
2026-02-05T12:38:33.309Z,London,7.23,drizzle
2026-02-05T14:37:31.878Z,London,7.58,overcast clouds
2026-02-05T14:37:31.880Z,London,7.58,overcast clouds
2026-02-05T16:35:49.642Z,London,7.97,light rain
2026-02-05T16:35:49.644Z,London,7.97,light rain
2026-02-05T18:36:52.413Z,London,8.08,moderate rain
2026-02-05T18:36:52.415Z,London,8.08,moderate rain
2026-02-05T20:22:38.984Z,London,8.34,light rain
2026-02-05T20:22:38.987Z,London,8.34,light rain
2026-02-05T22:17:54.908Z,London,8.48,light rain
2026-02-05T22:17:54.930Z,London,8.48,light rain
2026-02-06T01:10:28.249Z,London,8.44,moderate rain
2026-02-06T01:10:28.251Z,London,8.44,moderate rain
2026-02-06T04:06:03.206Z,London,8.42,light intensity drizzle rain
2026-02-06T04:06:03.209Z,London,8.42,light intensity drizzle rain
2026-02-06T06:41:14.797Z,London,8.42,light intensity drizzle rain
2026-02-06T06:41:14.799Z,London,8.42,light intensity drizzle rain
2026-02-06T08:31:20.785Z,London,8.45,overcast clouds
2026-02-06T08:31:20.787Z,London,8.45,overcast clouds
2026-02-06T10:30:32.570Z,London,8.75,overcast clouds
2026-02-06T10:30:32.572Z,London,8.75,overcast clouds
2026-02-06T12:37:03.729Z,London,10.35,broken clouds
2026-02-06T12:37:03.731Z,London,10.35,broken clouds
2026-02-06T14:35:27.625Z,London,10.96,broken clouds
2026-02-06T14:35:27.627Z,London,10.96,broken clouds
2026-02-06T16:33:06.855Z,London,10.37,light rain
2026-02-06T16:33:06.857Z,London,10.37,light rain
2026-02-06T18:34:58.421Z,London,10.11,scattered clouds
2026-02-06T18:34:58.422Z,London,10.11,scattered clouds
2026-02-06T20:23:23.391Z,London,9.65,few clouds
2026-02-06T20:23:23.393Z,London,9.65,few clouds
2026-02-06T22:13:40.589Z,London,8.45,scattered clouds
2026-02-06T22:13:40.592Z,London,8.45,scattered clouds
2026-02-07T01:09:18.261Z,London,7.68,scattered clouds
2026-02-07T01:09:18.263Z,London,7.68,scattered clouds
2026-02-07T03:59:51.705Z,London,7.39,broken clouds
2026-02-07T03:59:51.713Z,London,7.39,broken clouds
2026-02-07T05:06:47.174Z,London,7.71,broken clouds
2026-02-07T05:06:47.176Z,London,7.71,broken clouds
2026-02-07T06:30:36.399Z,London,8.19,broken clouds
2026-02-07T06:30:36.402Z,London,8.19,broken clouds
2026-02-07T08:20:04.814Z,London,8.46,light rain
2026-02-07T08:20:04.816Z,London,8.46,light rain
2026-02-07T10:16:08.054Z,London,8.9,light rain
2026-02-07T10:16:08.056Z,London,8.9,light rain
2026-02-07T12:27:14.320Z,London,9.43,overcast clouds
2026-02-07T12:27:14.323Z,London,9.43,overcast clouds
2026-02-07T14:17:50.446Z,London,10.27,broken clouds
2026-02-07T14:17:50.448Z,London,10.27,broken clouds
2026-02-07T16:17:51.540Z,London,10.37,overcast clouds
2026-02-07T16:17:51.542Z,London,10.37,overcast clouds
2026-02-07T18:21:26.464Z,London,9.86,scattered clouds
2026-02-07T18:21:26.466Z,London,9.86,scattered clouds
2026-02-07T20:15:47.855Z,London,9.64,broken clouds
2026-02-07T20:15:47.857Z,London,9.64,broken clouds
2026-02-07T22:16:15.175Z,London,9.07,broken clouds
2026-02-07T22:16:15.177Z,London,9.07,broken clouds
2026-02-08T01:46:17.063Z,London,8.08,broken clouds
2026-02-08T01:46:17.065Z,London,8.08,broken clouds
2026-02-08T04:25:52.737Z,London,7.53,few clouds
2026-02-08T04:25:52.740Z,London,7.53,few clouds
2026-02-08T06:38:26.794Z,London,7.5,broken clouds
2026-02-08T06:38:26.796Z,London,7.5,broken clouds
2026-02-08T08:21:33.953Z,London,7.69,broken clouds
2026-02-08T08:21:33.955Z,London,7.69,broken clouds
2026-02-08T10:17:07.455Z,London,9.4,broken clouds
2026-02-08T10:17:07.457Z,London,9.4,broken clouds
2026-02-08T12:28:11.062Z,London,10.93,broken clouds
2026-02-08T12:28:11.064Z,London,10.93,broken clouds
2026-02-08T14:19:38.828Z,London,10.91,broken clouds
2026-02-08T14:19:38.830Z,London,10.91,broken clouds
2026-02-08T16:19:05.484Z,London,9.99,overcast clouds
2026-02-08T16:19:05.486Z,London,9.99,overcast clouds
2026-02-08T18:22:43.146Z,London,9.45,few clouds
2026-02-08T18:22:43.177Z,London,9.45,few clouds
2026-02-08T20:15:43.181Z,London,9.15,broken clouds
2026-02-08T20:15:43.184Z,London,9.15,broken clouds
2026-02-08T22:16:47.335Z,London,8.81,scattered clouds
2026-02-08T22:16:47.337Z,London,8.81,scattered clouds
2026-02-09T01:17:01.277Z,London,8.26,overcast clouds
2026-02-09T01:17:01.279Z,London,8.26,overcast clouds
2026-02-09T04:16:42.667Z,London,7.72,broken clouds
2026-02-09T04:16:42.669Z,London,7.72,broken clouds
2026-02-09T06:54:41.925Z,London,7.01,scattered clouds
2026-02-09T06:54:41.928Z,London,7.01,scattered clouds
2026-02-09T08:38:48.422Z,London,7.43,broken clouds
2026-02-09T08:38:48.424Z,London,7.43,broken clouds
2026-02-09T10:48:07.120Z,London,9.1,broken clouds
2026-02-09T10:48:07.122Z,London,9.1,broken clouds
2026-02-09T12:43:56.621Z,London,9.91,broken clouds
2026-02-09T12:43:56.623Z,London,9.91,broken clouds
2026-02-09T14:45:10.104Z,London,9,overcast clouds
2026-02-09T14:45:10.107Z,London,9,overcast clouds
2026-02-09T18:44:20.136Z,London,7.79,overcast clouds
2026-02-09T18:44:20.138Z,London,7.79,overcast clouds
2026-02-09T20:30:38.018Z,London,7.83,overcast clouds
2026-02-09T20:30:38.020Z,London,7.83,overcast clouds
2026-02-09T22:26:16.833Z,London,8.11,broken clouds
2026-02-09T22:26:16.835Z,London,8.11,broken clouds
2026-02-10T01:25:21.634Z,London,7.89,overcast clouds
2026-02-10T01:25:21.635Z,London,7.89,overcast clouds
2026-02-10T04:24:58.442Z,London,7.95,overcast clouds
2026-02-10T04:24:58.444Z,London,7.95,overcast clouds
2026-02-10T06:54:25.798Z,London,7.87,overcast clouds
2026-02-10T06:54:25.814Z,London,7.87,overcast clouds
2026-02-10T08:40:10.850Z,London,8.07,overcast clouds
2026-02-10T08:40:10.852Z,London,8.07,overcast clouds
2026-02-10T10:44:27.142Z,London,9.54,overcast clouds
2026-02-10T10:44:27.144Z,London,9.54,overcast clouds
2026-02-10T12:51:00.932Z,London,10.99,broken clouds
2026-02-10T12:51:00.936Z,London,10.99,broken clouds
2026-02-10T14:52:07.353Z,London,11.4,broken clouds
2026-02-10T14:52:07.356Z,London,11.4,broken clouds
2026-02-10T16:54:20.575Z,London,10,light rain
2026-02-10T16:54:20.582Z,London,10,light rain
2026-02-10T18:53:37.060Z,London,9.43,light rain
2026-02-10T18:53:37.062Z,London,9.43,light rain
2026-02-10T20:35:17.833Z,London,9.49,broken clouds
2026-02-10T20:35:17.835Z,London,9.49,broken clouds
2026-02-10T22:31:04.032Z,London,9.65,overcast clouds
2026-02-10T22:31:04.044Z,London,9.65,overcast clouds
2026-02-11T01:23:00.237Z,London,9.7,overcast clouds
2026-02-11T01:23:00.239Z,London,9.7,overcast clouds
2026-02-11T04:22:34.216Z,London,9.96,light rain
2026-02-11T04:22:34.218Z,London,9.96,light rain
2026-02-11T06:51:55.330Z,London,10.06,overcast clouds
2026-02-11T06:51:55.332Z,London,10.06,overcast clouds
2026-02-11T08:37:10.833Z,London,10.29,overcast clouds
2026-02-11T08:37:10.835Z,London,10.29,overcast clouds
2026-02-11T10:39:44.513Z,London,11.36,overcast clouds
2026-02-11T10:39:44.515Z,London,11.36,overcast clouds
2026-02-11T12:44:37.838Z,London,11.98,light rain
2026-02-11T12:44:37.840Z,London,11.98,light rain
2026-02-11T14:46:43.807Z,London,11.97,broken clouds
2026-02-11T14:46:43.810Z,London,11.97,broken clouds
2026-02-11T16:54:36.835Z,London,10.94,few clouds
2026-02-11T16:54:36.837Z,London,10.94,few clouds
2026-02-11T18:50:52.013Z,London,9.4,drizzle rain
2026-02-11T18:50:52.015Z,London,9.4,drizzle rain
2026-02-11T20:29:29.443Z,London,9.2,broken clouds
2026-02-11T20:29:29.445Z,London,9.2,broken clouds
2026-02-11T22:20:37.782Z,London,8.95,light rain
2026-02-11T22:20:37.784Z,London,8.95,light rain
2026-02-12T01:15:52.941Z,London,7.97,broken clouds
2026-02-12T01:15:52.943Z,London,7.97,broken clouds
2026-02-12T04:14:35.563Z,London,7.58,overcast clouds
2026-02-12T04:14:35.565Z,London,7.58,overcast clouds
2026-02-12T06:51:07.266Z,London,7.42,scattered clouds
2026-02-12T06:51:07.268Z,London,7.42,scattered clouds
2026-02-12T08:34:46.096Z,London,7.47,broken clouds
2026-02-12T08:34:46.098Z,London,7.47,broken clouds
2026-02-12T10:34:50.544Z,London,9.06,scattered clouds
2026-02-12T10:34:50.546Z,London,9.06,scattered clouds
2026-02-12T12:41:10.234Z,London,10.47,overcast clouds
2026-02-12T12:41:10.236Z,London,10.47,overcast clouds
2026-02-12T14:41:52.496Z,London,9.77,light rain
2026-02-12T14:41:52.498Z,London,9.77,light rain
2026-02-12T16:46:27.793Z,London,8.58,light rain
2026-02-12T16:46:27.796Z,London,8.62,light rain
2026-02-12T18:48:51.056Z,London,7.88,broken clouds
2026-02-12T18:48:51.058Z,London,7.88,broken clouds
2026-02-12T20:24:26.978Z,London,6.8,scattered clouds
2026-02-12T20:24:26.980Z,London,6.8,scattered clouds
2026-02-12T22:22:10.458Z,London,6.55,broken clouds
2026-02-12T22:22:10.461Z,London,6.55,broken clouds
2026-02-13T01:19:29.564Z,London,6.76,broken clouds
2026-02-13T01:19:29.566Z,London,6.76,broken clouds
2026-02-13T04:11:28.524Z,London,5.76,broken clouds
2026-02-13T04:11:28.526Z,London,5.76,broken clouds
2026-02-13T06:47:35.753Z,London,5.73,broken clouds
2026-02-13T06:47:35.755Z,London,5.73,broken clouds
2026-02-13T08:32:07.594Z,London,6.38,overcast clouds
2026-02-13T08:32:07.597Z,London,6.38,overcast clouds
2026-02-13T10:30:51.567Z,London,7.26,overcast clouds
2026-02-13T10:30:51.570Z,London,7.26,overcast clouds
2026-02-13T12:36:06.061Z,London,8.02,overcast clouds
2026-02-13T12:36:06.080Z,London,8.02,overcast clouds
2026-02-13T14:35:48.411Z,London,8.14,overcast clouds
2026-02-13T14:35:48.413Z,London,8.14,overcast clouds
2026-02-13T16:33:55.322Z,London,6.43,overcast clouds
2026-02-13T16:33:55.324Z,London,6.43,overcast clouds
2026-02-13T18:33:34.931Z,London,5.41,overcast clouds
2026-02-13T18:33:34.934Z,London,5.41,overcast clouds
2026-02-13T20:26:42.686Z,London,4.93,overcast clouds
2026-02-13T20:26:42.689Z,London,4.93,overcast clouds
2026-02-13T22:23:15.873Z,London,4.39,broken clouds
2026-02-13T22:23:15.920Z,London,4.39,broken clouds
2026-02-14T01:11:51.945Z,London,3.45,broken clouds
2026-02-14T01:11:51.947Z,London,3.45,broken clouds
2026-02-14T04:01:22.887Z,London,2.59,broken clouds
2026-02-14T04:01:22.888Z,London,2.59,broken clouds
2026-02-14T06:33:05.503Z,London,1.02,few clouds
2026-02-14T06:33:05.505Z,London,1.02,few clouds
2026-02-14T08:20:19.907Z,London,0.58,scattered clouds
2026-02-14T08:20:19.910Z,London,0.58,scattered clouds
2026-02-14T10:16:47.390Z,London,3.44,clear sky
2026-02-14T10:16:47.392Z,London,3.44,clear sky
2026-02-14T12:26:45.656Z,London,5.58,few clouds
2026-02-14T12:26:45.659Z,London,5.58,few clouds
2026-02-14T14:18:26.949Z,London,6.18,few clouds
2026-02-14T14:18:26.951Z,London,6.18,few clouds
2026-02-14T16:18:26.617Z,London,5.72,few clouds
2026-02-14T16:18:26.619Z,London,5.72,few clouds
2026-02-14T18:20:55.952Z,London,3.51,scattered clouds
2026-02-14T18:20:55.954Z,London,3.51,scattered clouds
2026-02-14T20:15:31.004Z,London,3.41,overcast clouds
2026-02-14T20:15:31.007Z,London,3.41,overcast clouds
2026-02-14T22:14:01.186Z,London,3.41,overcast clouds
2026-02-14T22:14:01.188Z,London,3.41,overcast clouds
2026-02-15T01:18:36.775Z,London,3.6,overcast clouds
2026-02-15T01:18:36.778Z,London,3.6,overcast clouds
2026-02-15T04:12:36.267Z,London,3.66,broken clouds
2026-02-15T04:12:36.269Z,London,3.66,broken clouds
2026-02-15T06:39:17.484Z,London,3.27,light rain
2026-02-15T06:39:17.486Z,London,3.27,light rain
2026-02-15T08:22:19.023Z,London,3.91,moderate rain
2026-02-15T08:22:19.025Z,London,3.91,moderate rain
2026-02-15T10:17:19.818Z,London,4.19,moderate rain
2026-02-15T10:17:19.820Z,London,4.19,moderate rain
2026-02-15T12:28:52.767Z,London,5.2,moderate rain
2026-02-15T12:28:52.769Z,London,5.27,moderate rain
2026-02-15T14:19:14.384Z,London,6.68,overcast clouds
2026-02-15T14:19:14.386Z,London,6.68,overcast clouds
2026-02-15T16:18:28.835Z,London,8.05,light rain
2026-02-15T16:18:28.838Z,London,8.05,light rain
2026-02-15T18:22:10.472Z,London,8.62,broken clouds
2026-02-15T18:22:10.474Z,London,8.62,broken clouds
2026-02-15T20:15:24.892Z,London,7.61,broken clouds
2026-02-15T20:15:24.894Z,London,7.61,broken clouds
2026-02-15T22:14:03.926Z,London,6.57,few clouds
2026-02-15T22:14:03.928Z,London,6.57,few clouds
2026-02-16T01:15:37.823Z,London,6.21,few clouds
2026-02-16T01:15:37.826Z,London,6.21,few clouds
2026-02-16T04:14:30.247Z,London,5.8,scattered clouds
2026-02-16T04:14:30.249Z,London,5.8,scattered clouds
2026-02-16T06:52:47.041Z,London,5.61,overcast clouds
2026-02-16T06:52:47.044Z,London,5.61,overcast clouds
2026-02-16T08:36:03.233Z,London,5.66,scattered clouds
2026-02-16T08:36:03.235Z,London,5.66,scattered clouds
2026-02-16T10:39:49.123Z,London,7.99,broken clouds
2026-02-16T10:39:49.125Z,London,7.99,broken clouds
2026-02-16T12:39:54.119Z,London,8.74,overcast clouds
2026-02-16T12:39:54.121Z,London,8.74,overcast clouds
2026-02-16T14:36:04.200Z,London,8.01,broken clouds
2026-02-16T14:36:04.202Z,London,8.01,broken clouds
2026-02-16T16:32:24.727Z,London,8.03,light rain
2026-02-16T16:32:24.729Z,London,7.94,moderate rain
2026-02-16T18:30:18.337Z,London,6.52,light rain
2026-02-16T18:30:18.339Z,London,6.52,light rain
2026-02-16T20:19:25.318Z,London,6.53,broken clouds
2026-02-16T20:19:25.320Z,London,6.53,broken clouds
2026-02-16T22:17:51.999Z,London,6.4,scattered clouds
2026-02-16T22:17:52.001Z,London,6.4,scattered clouds
2026-02-17T01:15:08.628Z,London,5.52,clear sky
2026-02-17T01:15:08.630Z,London,5.52,clear sky
2026-02-17T04:09:54.127Z,London,3.83,clear sky
2026-02-17T04:09:54.129Z,London,3.83,clear sky
2026-02-17T06:45:29.838Z,London,2.64,clear sky
2026-02-17T06:45:29.840Z,London,2.64,clear sky
2026-02-17T08:33:39.926Z,London,2.91,few clouds
2026-02-17T08:33:39.928Z,London,2.91,few clouds
2026-02-17T10:36:44.090Z,London,5.29,scattered clouds
2026-02-17T10:36:44.091Z,London,5.29,scattered clouds
2026-02-17T12:39:16.314Z,London,6.53,broken clouds
2026-02-17T12:39:16.316Z,London,6.53,broken clouds
2026-02-17T14:39:01.848Z,London,6.46,overcast clouds
2026-02-17T14:39:01.850Z,London,6.46,overcast clouds
2026-02-17T16:45:25.395Z,London,5.54,overcast clouds
2026-02-17T16:45:25.397Z,London,5.54,overcast clouds
2026-02-17T18:43:34.227Z,London,4.03,overcast clouds
2026-02-17T18:43:34.229Z,London,4.03,overcast clouds
2026-02-17T20:27:04.133Z,London,3.49,overcast clouds
2026-02-17T20:27:04.135Z,London,3.49,overcast clouds
2026-02-17T22:20:36.230Z,London,2.96,overcast clouds
2026-02-17T22:20:36.232Z,London,2.96,overcast clouds
2026-02-18T01:16:50.814Z,London,2.57,overcast clouds
2026-02-18T01:16:50.816Z,London,2.57,overcast clouds
2026-02-18T04:11:54.604Z,London,3.44,overcast clouds
2026-02-18T04:11:54.606Z,London,3.44,overcast clouds
2026-02-18T06:50:56.922Z,London,3.75,overcast clouds
2026-02-18T06:50:56.925Z,London,3.75,overcast clouds
2026-02-18T08:34:13.402Z,London,4.14,overcast clouds
2026-02-18T08:34:13.404Z,London,4.14,overcast clouds
2026-02-18T10:34:31.529Z,London,5.16,overcast clouds
2026-02-18T10:34:31.531Z,London,5.16,overcast clouds
2026-02-18T12:38:38.053Z,London,5.63,overcast clouds
2026-02-18T12:38:38.058Z,London,5.63,overcast clouds
2026-02-18T14:38:35.229Z,London,5.29,overcast clouds
2026-02-18T14:38:35.231Z,London,5.29,overcast clouds
2026-02-18T16:52:53.009Z,London,5.68,overcast clouds
2026-02-18T16:52:53.011Z,London,5.68,overcast clouds
2026-02-18T18:39:08.769Z,London,4.55,moderate rain
2026-02-18T18:39:08.771Z,London,4.55,moderate rain
2026-02-18T20:29:12.108Z,London,4.34,light rain
2026-02-18T20:29:12.110Z,London,4.34,light rain
2026-02-18T22:23:38.703Z,London,4.74,light rain
2026-02-18T22:23:38.706Z,London,4.74,light rain
2026-02-19T01:16:11.675Z,London,4.77,light rain
2026-02-19T01:16:11.677Z,London,4.77,light rain
2026-02-19T04:10:36.329Z,London,5.34,overcast clouds
2026-02-19T04:10:36.330Z,London,5.34,overcast clouds
2026-02-19T06:49:21.487Z,London,5.62,overcast clouds
2026-02-19T06:49:21.489Z,London,5.62,overcast clouds
2026-02-19T08:32:49.466Z,London,5.75,overcast clouds
2026-02-19T08:32:49.469Z,London,5.75,overcast clouds
2026-02-19T10:33:56.974Z,London,5.76,overcast clouds
2026-02-19T10:33:56.976Z,London,5.76,overcast clouds
2026-02-19T12:39:53.798Z,London,6.18,overcast clouds
2026-02-19T12:39:53.800Z,London,6.18,overcast clouds
2026-02-19T14:41:17.639Z,London,6.15,overcast clouds
2026-02-19T14:41:17.641Z,London,6.15,overcast clouds
2026-02-19T16:40:40.831Z,London,5.74,overcast clouds
2026-02-19T16:40:40.834Z,London,5.74,overcast clouds
2026-02-19T18:39:23.145Z,London,5.41,overcast clouds
2026-02-19T18:39:23.147Z,London,5.41,overcast clouds
2026-02-19T20:22:13.769Z,London,5.21,overcast clouds
2026-02-19T20:22:13.772Z,London,5.21,overcast clouds
2026-02-19T22:21:39.348Z,London,5.2,overcast clouds
2026-02-19T22:21:39.350Z,London,5.2,overcast clouds
2026-02-20T01:12:04.103Z,London,5.26,overcast clouds
2026-02-20T01:12:04.105Z,London,5.26,overcast clouds
2026-02-20T04:06:12.510Z,London,5.21,broken clouds
2026-02-20T04:06:12.512Z,London,5.21,broken clouds
2026-02-20T06:42:44.780Z,London,5.46,overcast clouds
2026-02-20T06:42:44.782Z,London,5.46,overcast clouds
2026-02-20T08:30:36.450Z,London,6.12,overcast clouds
2026-02-20T08:30:36.454Z,London,6.12,overcast clouds
2026-02-20T10:28:15.478Z,London,8.64,overcast clouds
2026-02-20T10:28:15.480Z,London,8.64,overcast clouds
2026-02-20T12:35:58.891Z,London,10.37,broken clouds
2026-02-20T12:35:58.893Z,London,10.37,broken clouds
2026-02-20T14:34:02.590Z,London,10.14,light rain
2026-02-20T14:34:02.591Z,London,10.14,light rain
2026-02-20T16:26:47.608Z,London,11.53,broken clouds
2026-02-20T16:26:47.610Z,London,11.53,broken clouds
2026-02-20T18:33:15.448Z,London,10.16,broken clouds
2026-02-20T18:33:15.450Z,London,10.16,broken clouds
2026-02-20T20:19:57.858Z,London,9.61,few clouds
2026-02-20T20:19:57.861Z,London,9.61,few clouds
2026-02-20T22:15:11.347Z,London,9.71,broken clouds
2026-02-20T22:15:11.351Z,London,9.71,broken clouds
2026-02-21T01:09:57.900Z,London,9.18,overcast clouds
2026-02-21T01:09:57.902Z,London,9.18,overcast clouds
2026-02-21T03:58:13.350Z,London,9.43,broken clouds
2026-02-21T03:58:13.352Z,London,9.43,broken clouds
2026-02-21T05:04:54.217Z,London,9.87,broken clouds
2026-02-21T05:04:54.219Z,London,9.87,broken clouds
2026-02-21T06:30:30.647Z,London,10.27,broken clouds
2026-02-21T06:30:30.649Z,London,10.27,broken clouds
2026-02-21T08:19:07.214Z,London,10.02,overcast clouds
2026-02-21T08:19:07.216Z,London,10.02,overcast clouds
2026-02-21T10:16:48.682Z,London,10.92,broken clouds
2026-02-21T10:16:48.684Z,London,10.92,broken clouds
2026-02-21T12:27:01.977Z,London,12.46,broken clouds
2026-02-21T12:27:01.979Z,London,12.46,broken clouds
2026-02-21T14:18:02.712Z,London,13.62,overcast clouds
2026-02-21T14:18:02.714Z,London,13.62,overcast clouds
2026-02-21T16:17:09.951Z,London,13.31,broken clouds
2026-02-21T16:17:09.953Z,London,13.31,broken clouds
2026-02-21T18:21:31.039Z,London,12.93,moderate rain
2026-02-21T18:21:31.041Z,London,12.93,moderate rain
2026-02-21T20:14:32.676Z,London,12.45,scattered clouds
2026-02-21T20:14:32.678Z,London,12.45,scattered clouds
2026-02-21T22:13:48.888Z,London,12.17,broken clouds
2026-02-21T22:13:48.890Z,London,12.17,broken clouds
2026-02-22T01:15:26.400Z,London,11.91,broken clouds
2026-02-22T01:15:26.402Z,London,11.91,broken clouds
2026-02-22T04:07:45.267Z,London,11.89,overcast clouds
2026-02-22T04:07:45.269Z,London,11.89,overcast clouds
2026-02-22T06:35:47.736Z,London,11.93,overcast clouds
2026-02-22T06:35:47.738Z,London,11.93,overcast clouds
2026-02-22T08:21:00.544Z,London,12.21,light rain
2026-02-22T08:21:00.546Z,London,12.21,light rain
2026-02-22T10:15:46.986Z,London,12.51,broken clouds
2026-02-22T10:15:46.989Z,London,12.51,broken clouds
2026-02-22T12:28:42.751Z,London,13.56,broken clouds
2026-02-22T12:28:42.753Z,London,13.56,broken clouds
2026-02-22T14:17:54.898Z,London,13.8,scattered clouds
2026-02-22T14:17:54.900Z,London,13.8,scattered clouds
2026-02-22T16:18:18.029Z,London,13.92,broken clouds
2026-02-22T16:18:18.031Z,London,13.92,broken clouds
2026-02-22T18:21:38.446Z,London,12.1,broken clouds
2026-02-22T18:21:38.450Z,London,12.1,broken clouds
2026-02-22T20:15:19.616Z,London,10.84,scattered clouds
2026-02-22T20:15:19.619Z,London,10.84,scattered clouds
2026-02-22T22:14:03.367Z,London,9.79,overcast clouds
2026-02-22T22:14:03.369Z,London,9.79,overcast clouds
2026-02-23T01:14:55.170Z,London,9.09,overcast clouds
2026-02-23T01:14:55.172Z,London,9.09,overcast clouds
2026-02-23T04:13:49.711Z,London,9.06,broken clouds
2026-02-23T04:13:49.713Z,London,9.06,broken clouds
2026-02-23T06:53:46.413Z,London,8.75,few clouds
2026-02-23T06:53:46.415Z,London,8.75,few clouds
2026-02-23T08:37:35.003Z,London,9.25,broken clouds
2026-02-23T08:37:35.012Z,London,9.25,broken clouds
2026-02-23T10:40:21.526Z,London,10.9,broken clouds
2026-02-23T10:40:21.528Z,London,10.9,broken clouds
2026-02-23T12:40:09.371Z,London,12.7,scattered clouds
2026-02-23T12:40:09.394Z,London,12.7,scattered clouds
2026-02-23T14:40:18.973Z,London,12.92,light rain
2026-02-23T14:40:18.975Z,London,12.92,light rain
2026-02-23T16:43:56.877Z,London,11.87,overcast clouds
2026-02-23T16:43:56.879Z,London,11.87,overcast clouds
2026-02-23T18:50:35.303Z,London,11.23,overcast clouds
2026-02-23T18:50:35.305Z,London,11.23,overcast clouds
2026-02-23T20:35:07.650Z,London,11.94,overcast clouds
2026-02-23T20:35:07.652Z,London,11.94,overcast clouds
2026-02-23T22:31:09.122Z,London,12.62,overcast clouds
2026-02-23T22:31:09.124Z,London,12.62,overcast clouds
2026-02-24T01:13:33.988Z,London,12.77,overcast clouds
2026-02-24T01:13:33.990Z,London,12.77,overcast clouds
2026-02-24T04:09:24.758Z,London,11.16,overcast clouds
2026-02-24T04:09:24.760Z,London,11.16,overcast clouds
2026-02-24T06:48:19.138Z,London,11.28,overcast clouds
2026-02-24T06:48:19.148Z,London,11.28,overcast clouds
2026-02-24T08:35:14.197Z,London,11.62,overcast clouds
2026-02-24T08:35:14.200Z,London,11.62,overcast clouds
2026-02-24T10:38:25.929Z,London,13.26,overcast clouds
2026-02-24T10:38:25.931Z,London,13.26,overcast clouds
2026-02-24T12:40:55.615Z,London,15.27,broken clouds
2026-02-24T12:40:55.617Z,London,15.27,broken clouds
2026-02-24T14:43:56.998Z,London,15.64,scattered clouds
2026-02-24T14:43:57.001Z,London,15.64,scattered clouds
2026-02-24T16:55:47.076Z,London,14.14,scattered clouds
2026-02-24T16:55:47.078Z,London,14.14,scattered clouds
2026-02-24T18:47:57.845Z,London,12.32,scattered clouds
2026-02-24T18:47:57.847Z,London,12.32,scattered clouds
2026-02-24T20:24:34.291Z,London,11.17,few clouds
2026-02-24T20:24:34.294Z,London,11.17,few clouds
2026-02-24T22:23:57.206Z,London,10.83,clear sky
2026-02-24T22:23:57.208Z,London,10.83,clear sky
2026-02-25T01:18:44.177Z,London,10.47,clear sky
2026-02-25T01:18:44.188Z,London,10.47,clear sky
2026-02-25T04:10:59.556Z,London,9.57,clear sky
2026-02-25T04:10:59.558Z,London,9.57,clear sky
2026-02-25T06:52:00.609Z,London,8.82,clear sky
2026-02-25T06:52:00.611Z,London,8.82,clear sky
2026-02-25T08:36:59.995Z,London,9.57,clear sky
2026-02-25T08:36:59.997Z,London,9.57,clear sky
2026-02-25T10:40:47.002Z,London,13.27,clear sky
2026-02-25T10:40:47.005Z,London,13.27,clear sky
2026-02-25T12:40:22.938Z,London,16.29,scattered clouds
2026-02-25T12:40:22.940Z,London,16.29,scattered clouds
2026-02-25T14:42:56.881Z,London,18.09,few clouds
2026-02-25T14:42:56.883Z,London,18.09,few clouds
2026-02-25T16:58:40.823Z,London,16.88,few clouds
2026-02-25T16:58:40.825Z,London,16.88,few clouds
2026-02-25T18:52:52.619Z,London,14.38,broken clouds
2026-02-25T18:52:52.621Z,London,14.38,broken clouds
2026-02-25T20:26:13.080Z,London,12.68,broken clouds
2026-02-25T20:26:13.082Z,London,12.68,broken clouds
2026-02-25T22:22:22.253Z,London,11.32,broken clouds
2026-02-25T22:22:22.256Z,London,11.32,broken clouds
2026-02-26T01:12:10.454Z,London,10.62,scattered clouds
2026-02-26T01:12:10.456Z,London,10.62,scattered clouds
2026-02-26T04:07:43.536Z,London,10.73,overcast clouds
2026-02-26T04:07:43.538Z,London,10.73,overcast clouds
2026-02-26T06:47:32.023Z,London,10.9,clear sky
2026-02-26T06:47:32.025Z,London,10.9,clear sky
2026-02-26T08:34:54.428Z,London,11.47,broken clouds
2026-02-26T08:34:54.430Z,London,11.47,broken clouds
2026-02-26T10:36:16.015Z,London,12.02,overcast clouds
2026-02-26T10:36:16.017Z,London,12.02,overcast clouds
2026-02-26T12:40:46.162Z,London,12.85,overcast clouds
2026-02-26T12:40:46.164Z,London,12.85,overcast clouds
2026-02-26T14:41:24.657Z,London,12.68,overcast clouds
2026-02-26T14:41:24.659Z,London,12.68,overcast clouds
2026-02-26T16:45:52.845Z,London,12.35,light rain
2026-02-26T16:45:52.850Z,London,12.35,light rain
2026-02-26T18:38:55.237Z,London,11.87,overcast clouds
2026-02-26T18:38:55.239Z,London,11.87,overcast clouds
2026-02-26T20:26:20.500Z,London,11.97,overcast clouds
2026-02-26T20:26:20.502Z,London,11.97,overcast clouds
2026-02-26T22:23:07.170Z,London,11.89,broken clouds
2026-02-26T22:23:07.172Z,London,11.89,broken clouds
2026-02-27T01:10:40.424Z,London,11.16,moderate rain
2026-02-27T01:10:40.427Z,London,11.16,moderate rain
2026-02-27T04:04:01.409Z,London,10.53,light rain
2026-02-27T04:04:01.412Z,London,10.53,light rain
2026-02-27T06:40:09.130Z,London,10.57,overcast clouds
2026-02-27T06:40:09.132Z,London,10.57,overcast clouds
2026-02-27T08:30:52.036Z,London,10.88,overcast clouds
2026-02-27T08:30:52.038Z,London,10.88,overcast clouds
2026-02-27T10:28:27.728Z,London,11.76,overcast clouds
2026-02-27T10:28:27.730Z,London,11.76,overcast clouds
2026-02-27T12:35:44.595Z,London,12.67,overcast clouds
2026-02-27T12:35:44.598Z,London,12.67,overcast clouds
2026-02-27T14:33:15.866Z,London,13.08,overcast clouds
2026-02-27T14:33:15.868Z,London,13.08,overcast clouds
2026-02-27T16:29:54.387Z,London,13.08,overcast clouds
2026-02-27T16:29:54.389Z,London,13.08,overcast clouds
2026-02-27T18:28:33.833Z,London,11.72,overcast clouds
2026-02-27T18:28:33.835Z,London,11.72,overcast clouds
2026-02-27T20:18:59.001Z,London,10.74,overcast clouds
2026-02-27T20:18:59.003Z,London,10.74,overcast clouds
2026-02-27T22:14:25.060Z,London,10.24,scattered clouds
2026-02-27T22:14:25.062Z,London,10.24,scattered clouds
2026-02-28T01:05:33.982Z,London,9.71,broken clouds
2026-02-28T01:05:33.984Z,London,9.71,broken clouds
2026-02-28T03:46:21.707Z,London,9.3,broken clouds
2026-02-28T03:46:21.709Z,London,9.3,broken clouds
2026-02-28T04:47:52.480Z,London,9.13,overcast clouds
2026-02-28T04:47:52.482Z,London,9.13,overcast clouds
2026-02-28T06:25:23.494Z,London,8.65,broken clouds
2026-02-28T06:25:23.496Z,London,8.65,broken clouds
2026-02-28T08:17:39.733Z,London,6.58,overcast clouds
2026-02-28T08:17:39.735Z,London,6.58,overcast clouds
2026-02-28T10:14:16.668Z,London,7.71,light rain
2026-02-28T10:14:16.671Z,London,7.71,light rain
2026-02-28T12:26:04.127Z,London,9.74,broken clouds
2026-02-28T12:26:04.129Z,London,9.74,broken clouds
2026-02-28T14:13:54.743Z,London,10.52,broken clouds
2026-02-28T14:13:54.745Z,London,10.52,broken clouds
2026-02-28T16:15:53.869Z,London,10.23,broken clouds
2026-02-28T16:15:53.872Z,London,10.23,broken clouds
2026-02-28T18:19:45.958Z,London,8.85,broken clouds
2026-02-28T18:19:45.960Z,London,8.85,broken clouds
2026-02-28T20:15:06.544Z,London,6.5,clear sky
2026-02-28T20:15:06.546Z,London,6.5,clear sky
2026-02-28T22:13:33.268Z,London,7.04,clear sky
2026-02-28T22:13:33.270Z,London,7.04,clear sky
2026-03-01T01:21:10.220Z,London,7.83,broken clouds
2026-03-01T01:21:10.222Z,London,7.83,broken clouds
2026-03-01T04:13:29.914Z,London,7.92,broken clouds
2026-03-01T04:13:29.916Z,London,7.92,broken clouds
2026-03-01T06:34:28.991Z,London,8.43,few clouds
2026-03-01T06:34:28.993Z,London,8.43,few clouds
2026-03-01T08:20:12.796Z,London,8.94,overcast clouds
2026-03-01T08:20:12.798Z,London,8.94,overcast clouds
2026-03-01T10:15:57.301Z,London,10.2,light rain
2026-03-01T10:15:57.302Z,London,10.2,light rain
2026-03-01T12:27:46.468Z,London,11.17,overcast clouds
2026-03-01T12:27:46.470Z,London,11.17,overcast clouds
2026-03-01T14:16:00.517Z,London,12.35,overcast clouds
2026-03-01T14:16:00.519Z,London,12.35,overcast clouds
2026-03-01T16:16:59.597Z,London,12.25,overcast clouds
2026-03-01T16:16:59.599Z,London,12.25,overcast clouds
2026-03-01T18:20:39.823Z,London,11.31,overcast clouds
2026-03-01T18:20:39.832Z,London,11.31,overcast clouds
2026-03-01T20:15:35.099Z,London,11.02,overcast clouds
2026-03-01T20:15:35.101Z,London,11.02,overcast clouds
2026-03-01T22:14:21.413Z,London,11.03,broken clouds
2026-03-01T22:14:21.419Z,London,11.03,broken clouds
2026-03-02T01:13:16.160Z,London,10.33,scattered clouds
2026-03-02T01:13:16.162Z,London,10.33,scattered clouds
2026-03-02T04:05:03.597Z,London,9.46,overcast clouds
2026-03-02T04:05:03.599Z,London,9.46,overcast clouds
2026-03-02T06:44:19.901Z,London,8.84,broken clouds
2026-03-02T06:44:19.903Z,London,8.84,broken clouds
2026-03-02T08:33:23.889Z,London,9.62,overcast clouds
2026-03-02T08:33:23.892Z,London,9.62,overcast clouds
2026-03-02T10:35:30.516Z,London,12.73,overcast clouds
2026-03-02T10:35:30.518Z,London,12.73,overcast clouds
2026-03-02T12:35:22.872Z,London,15.66,broken clouds
2026-03-02T12:35:22.875Z,London,15.66,broken clouds
2026-03-02T14:36:48.176Z,London,15.99,broken clouds
2026-03-02T14:36:48.178Z,London,15.99,broken clouds
2026-03-02T16:32:52.816Z,London,15.27,scattered clouds
2026-03-02T16:32:52.819Z,London,15.27,scattered clouds
2026-03-02T18:33:14.958Z,London,12.64,scattered clouds
2026-03-02T18:33:14.960Z,London,12.64,scattered clouds
2026-03-02T20:25:49.057Z,London,10.81,few clouds
2026-03-02T20:25:49.059Z,London,10.81,few clouds
2026-03-02T22:19:07.357Z,London,9.07,few clouds
2026-03-02T22:19:07.359Z,London,9.07,few clouds
2026-03-03T01:15:22.798Z,London,7.73,clear sky
2026-03-03T01:15:22.800Z,London,7.73,clear sky
2026-03-03T04:05:46.468Z,London,7.35,few clouds
2026-03-03T04:05:46.471Z,London,7.35,few clouds
2026-03-03T06:38:09.796Z,London,6.53,few clouds
2026-03-03T06:38:09.799Z,London,6.53,few clouds
2026-03-03T08:29:23.470Z,London,7.71,broken clouds
2026-03-03T08:29:23.473Z,London,7.71,broken clouds
2026-03-03T10:29:48.818Z,London,11.98,broken clouds
2026-03-03T10:29:48.821Z,London,11.98,broken clouds
2026-03-03T12:34:50.014Z,London,13.72,broken clouds
2026-03-03T12:34:50.016Z,London,13.72,broken clouds
2026-03-03T14:37:17.510Z,London,14.57,overcast clouds
2026-03-03T14:37:17.512Z,London,14.57,overcast clouds
2026-03-03T16:35:50.879Z,London,12.97,few clouds
2026-03-03T16:35:50.881Z,London,12.97,few clouds
2026-03-03T18:35:28.647Z,London,10.07,overcast clouds
2026-03-03T18:35:28.649Z,London,10.07,overcast clouds
2026-03-03T20:23:04.842Z,London,8.94,scattered clouds
2026-03-03T20:23:04.844Z,London,8.94,scattered clouds
2026-03-03T22:19:34.119Z,London,7.64,scattered clouds
2026-03-03T22:19:34.121Z,London,7.64,scattered clouds
2026-03-04T01:11:18.955Z,London,6.45,overcast clouds
2026-03-04T01:11:18.957Z,London,6.45,overcast clouds
2026-03-04T04:00:08.377Z,London,6.43,overcast clouds
2026-03-04T04:00:08.379Z,London,6.43,overcast clouds
2026-03-04T05:10:02.580Z,London,5.44,scattered clouds
2026-03-04T05:10:02.583Z,London,5.44,scattered clouds
2026-03-04T06:35:11.104Z,London,6.41,mist
2026-03-04T06:35:11.107Z,London,6.41,mist
2026-03-04T08:27:59.884Z,London,5.94,overcast clouds
2026-03-04T08:27:59.887Z,London,5.94,overcast clouds
2026-03-04T10:26:33.861Z,London,7.94,broken clouds
2026-03-04T10:26:33.863Z,London,7.94,broken clouds
2026-03-04T12:34:27.179Z,London,11.18,clear sky
2026-03-04T12:34:27.182Z,London,11.18,clear sky
2026-03-04T14:32:24.727Z,London,13.43,few clouds
2026-03-04T14:32:24.749Z,London,13.43,few clouds
2026-03-04T16:31:53.059Z,London,10.8,few clouds
2026-03-04T16:31:53.061Z,London,10.8,few clouds
2026-03-04T18:34:37.694Z,London,9.03,clear sky
2026-03-04T18:34:37.697Z,London,9.03,clear sky
2026-03-04T20:23:20.831Z,London,8.16,fog
2026-03-04T20:23:20.833Z,London,8.16,fog
2026-03-04T22:22:00.719Z,London,7.9,fog
2026-03-04T22:22:00.723Z,London,7.9,fog
2026-03-05T01:13:40.992Z,London,7.28,fog
2026-03-05T01:13:40.995Z,London,7.28,fog
2026-03-05T04:03:29.375Z,London,6.23,fog
2026-03-05T04:03:29.377Z,London,6.23,fog
2026-03-05T06:38:08.226Z,London,5.89,fog
2026-03-05T06:38:08.229Z,London,5.89,fog
2026-03-05T08:29:45.408Z,London,6.29,clear sky
2026-03-05T08:29:45.410Z,London,6.29,clear sky
2026-03-05T10:30:01.856Z,London,13.46,clear sky
2026-03-05T10:30:01.859Z,London,13.46,clear sky
2026-03-05T12:37:48.706Z,London,17.41,clear sky
2026-03-05T12:37:48.708Z,London,17.41,clear sky
2026-03-05T14:39:13.219Z,London,14.76,clear sky
2026-03-05T14:39:13.221Z,London,14.76,clear sky
2026-03-05T17:54:00.187Z,London,15.49,clear sky
2026-03-05T17:54:00.189Z,London,15.49,clear sky
2026-03-05T19:08:02.219Z,London,13.81,overcast clouds
2026-03-05T19:08:02.221Z,London,13.81,overcast clouds
2026-03-05T20:29:02.882Z,London,12.88,overcast clouds
2026-03-05T20:29:02.884Z,London,12.88,overcast clouds
2026-03-05T22:21:38.043Z,London,11.54,overcast clouds
2026-03-05T22:21:38.046Z,London,11.54,overcast clouds
2026-03-06T01:16:55.707Z,London,9.79,overcast clouds
2026-03-06T01:16:55.709Z,London,9.79,overcast clouds
2026-03-06T04:01:11.952Z,London,9.33,broken clouds
2026-03-06T04:01:11.965Z,London,9.33,broken clouds
2026-03-06T06:35:57.914Z,London,6.98,overcast clouds
2026-03-06T06:35:57.916Z,London,6.98,overcast clouds
2026-03-06T08:26:39.674Z,London,8.74,overcast clouds
2026-03-06T08:26:39.677Z,London,8.74,overcast clouds
2026-03-06T10:25:34.619Z,London,8.84,overcast clouds
2026-03-06T10:25:34.624Z,London,8.84,overcast clouds
2026-03-06T12:33:05.199Z,London,10.04,broken clouds
2026-03-06T12:33:05.202Z,London,10.04,broken clouds
2026-03-06T14:29:49.386Z,London,9.42,moderate rain
2026-03-06T14:29:49.388Z,London,9.42,moderate rain
2026-03-06T16:29:18.549Z,London,8.72,moderate rain
2026-03-06T16:29:18.552Z,London,8.72,moderate rain
2026-03-06T18:31:30.716Z,London,8.19,drizzle rain
2026-03-06T18:31:30.719Z,London,8.19,drizzle rain
2026-03-06T20:21:10.672Z,London,7.63,overcast clouds
2026-03-06T20:21:10.674Z,London,7.63,overcast clouds
2026-03-06T22:18:02.950Z,London,7.64,light rain
2026-03-06T22:18:02.952Z,London,7.64,light rain
2026-03-07T01:09:06.827Z,London,6.53,overcast clouds
2026-03-07T01:09:06.830Z,London,6.53,overcast clouds
2026-03-07T03:51:54.564Z,London,6.1,overcast clouds
2026-03-07T03:51:54.566Z,London,6.1,overcast clouds
2026-03-07T04:54:49.825Z,London,6.77,overcast clouds
2026-03-07T04:54:49.827Z,London,6.77,overcast clouds
2026-03-07T06:27:21.724Z,London,6.66,light intensity drizzle
2026-03-07T06:27:21.726Z,London,6.66,light intensity drizzle
2026-03-07T08:19:11.951Z,London,7.02,overcast clouds
2026-03-07T08:19:11.954Z,London,7.02,overcast clouds
2026-03-07T10:14:38.000Z,London,7.66,overcast clouds
2026-03-07T10:14:38.003Z,London,7.66,overcast clouds
2026-03-07T12:26:49.160Z,London,8.34,overcast clouds
2026-03-07T12:26:49.162Z,London,8.34,overcast clouds
2026-03-07T14:16:09.681Z,London,8.86,overcast clouds
2026-03-07T14:16:09.683Z,London,8.86,overcast clouds
2026-03-07T16:17:11.015Z,London,8.93,overcast clouds
2026-03-07T16:17:11.017Z,London,8.93,overcast clouds
2026-03-07T18:20:31.656Z,London,8.57,overcast clouds
2026-03-07T18:20:31.658Z,London,8.57,overcast clouds
2026-03-07T20:14:29.803Z,London,8.42,overcast clouds
2026-03-07T20:14:29.805Z,London,8.42,overcast clouds
2026-03-07T22:13:52.348Z,London,8.2,overcast clouds
2026-03-07T22:13:52.351Z,London,8.2,overcast clouds
2026-03-08T01:14:29.722Z,London,7.99,overcast clouds
2026-03-08T01:14:29.724Z,London,7.99,overcast clouds
2026-03-08T04:02:27.249Z,London,7.89,mist
2026-03-08T04:02:27.251Z,London,7.89,mist
2026-03-08T06:31:18.953Z,London,7.43,mist
2026-03-08T06:31:18.955Z,London,7.43,mist
2026-03-08T08:19:58.982Z,London,7.64,overcast clouds
2026-03-08T08:19:58.984Z,London,7.64,overcast clouds
2026-03-08T10:15:53.401Z,London,8.14,overcast clouds
2026-03-08T10:15:53.403Z,London,8.14,overcast clouds
2026-03-08T12:27:57.931Z,London,8.88,mist
2026-03-08T12:27:57.933Z,London,8.88,mist
2026-03-08T14:16:55.475Z,London,9.07,haze
2026-03-08T14:16:55.477Z,London,9.07,haze
2026-03-08T16:17:14.795Z,London,9.57,few clouds
2026-03-08T16:17:14.798Z,London,9.57,few clouds
2026-03-08T18:20:49.726Z,London,8.71,haze
2026-03-08T18:20:49.729Z,London,8.71,haze
2026-03-08T20:14:51.249Z,London,8.51,haze
2026-03-08T20:14:51.251Z,London,8.51,haze
2026-03-08T22:14:22.186Z,London,8.06,scattered clouds
2026-03-08T22:14:22.188Z,London,8.06,scattered clouds
2026-03-09T01:14:17.640Z,London,8.26,haze
2026-03-09T01:14:17.642Z,London,8.26,haze
2026-03-09T04:07:27.437Z,London,7.63,haze
2026-03-09T04:07:27.439Z,London,7.63,haze
2026-03-09T06:50:23.388Z,London,7.27,mist
2026-03-09T06:50:23.391Z,London,7.27,mist
2026-03-09T08:33:26.008Z,London,7.47,few clouds
2026-03-09T08:33:26.010Z,London,7.47,few clouds
2026-03-09T10:36:05.264Z,London,9.27,few clouds
2026-03-09T10:36:05.266Z,London,9.27,few clouds
2026-03-09T12:38:08.710Z,London,12.09,overcast clouds
2026-03-09T12:38:08.713Z,London,12.09,overcast clouds
2026-03-09T14:41:44.150Z,London,13.82,scattered clouds
2026-03-09T14:41:44.152Z,London,13.82,scattered clouds
2026-03-09T16:47:02.963Z,London,11.03,light rain
2026-03-09T16:47:02.965Z,London,11.03,light rain
2026-03-09T18:38:46.389Z,London,10.29,few clouds
2026-03-09T18:38:46.391Z,London,10.29,few clouds
2026-03-09T20:23:13.727Z,London,9.68,clear sky
2026-03-09T20:23:13.731Z,London,9.68,clear sky
2026-03-09T22:19:19.002Z,London,10.61,few clouds
2026-03-09T22:19:19.011Z,London,10.61,few clouds
2026-03-10T01:08:39.423Z,London,8.91,broken clouds
2026-03-10T01:08:39.425Z,London,8.91,broken clouds
2026-03-10T04:00:15.790Z,London,9.29,overcast clouds
2026-03-10T04:00:15.792Z,London,9.29,overcast clouds
2026-03-10T06:36:42.378Z,London,8.6,broken clouds
2026-03-10T06:36:42.380Z,London,8.6,broken clouds
2026-03-10T08:30:12.145Z,London,9.64,scattered clouds
2026-03-10T08:30:12.147Z,London,9.64,scattered clouds
2026-03-10T10:29:49.552Z,London,10.76,overcast clouds
2026-03-10T10:29:49.554Z,London,10.76,overcast clouds
2026-03-10T12:37:24.179Z,London,12.49,broken clouds
2026-03-10T12:37:24.182Z,London,12.49,broken clouds
2026-03-10T14:40:52.281Z,London,13.18,broken clouds
2026-03-10T14:40:52.283Z,London,13.18,broken clouds
2026-03-10T16:46:24.987Z,London,10.86,broken clouds
2026-03-10T16:46:24.989Z,London,10.86,broken clouds
2026-03-10T18:35:35.813Z,London,10.03,broken clouds
2026-03-10T18:35:35.815Z,London,10.03,broken clouds
2026-03-10T20:22:53.477Z,London,9.54,broken clouds
2026-03-10T20:22:53.479Z,London,9.54,broken clouds
2026-03-10T22:18:38.012Z,London,9.77,broken clouds
2026-03-10T22:18:38.014Z,London,9.77,broken clouds
2026-03-11T01:09:21.280Z,London,10.06,overcast clouds
2026-03-11T01:09:21.282Z,London,10.06,overcast clouds
2026-03-11T04:01:01.536Z,London,10.03,overcast clouds
2026-03-11T04:01:01.538Z,London,10.03,overcast clouds
2026-03-11T06:39:26.418Z,London,9.52,broken clouds
2026-03-11T06:39:26.420Z,London,9.52,broken clouds
2026-03-11T08:29:51.644Z,London,9.05,overcast clouds
2026-03-11T08:29:51.646Z,London,9.05,overcast clouds
2026-03-11T10:29:46.633Z,London,10.44,broken clouds
2026-03-11T10:29:46.636Z,London,10.44,broken clouds
2026-03-11T12:37:01.224Z,London,11.81,broken clouds
2026-03-11T12:37:01.227Z,London,11.81,broken clouds
2026-03-11T14:39:48.120Z,London,12.72,scattered clouds
2026-03-11T14:39:48.122Z,London,12.72,scattered clouds
2026-03-11T16:40:06.656Z,London,12.49,scattered clouds
2026-03-11T16:40:06.658Z,London,12.49,scattered clouds
2026-03-11T18:41:17.514Z,London,8.94,few clouds
2026-03-11T18:41:17.516Z,London,8.94,few clouds
2026-03-11T20:24:19.809Z,London,7.78,broken clouds
2026-03-11T20:24:19.852Z,London,7.78,broken clouds
2026-03-11T22:19:07.816Z,London,6.97,broken clouds
2026-03-11T22:19:07.818Z,London,6.97,broken clouds
2026-03-12T01:06:34.581Z,London,7.01,overcast clouds
2026-03-12T01:06:34.584Z,London,7.01,overcast clouds
2026-03-12T04:05:32.261Z,London,7.07,few clouds
2026-03-12T04:05:32.275Z,London,7.07,few clouds
2026-03-12T06:41:35.218Z,London,8.21,overcast clouds
2026-03-12T06:41:35.224Z,London,8.21,overcast clouds
2026-03-12T08:32:16.045Z,London,10.14,broken clouds
2026-03-12T08:32:16.047Z,London,10.14,broken clouds
2026-03-12T10:29:56.028Z,London,11.05,broken clouds
2026-03-12T10:29:56.030Z,London,11.05,broken clouds
2026-03-12T12:36:35.357Z,London,11.73,overcast clouds
2026-03-12T12:36:35.359Z,London,11.73,overcast clouds
2026-03-12T14:41:40.490Z,London,11.17,light rain
2026-03-12T14:41:40.497Z,London,11.17,light rain
2026-03-12T16:50:10.457Z,London,11.69,overcast clouds
2026-03-12T16:50:10.459Z,London,11.69,overcast clouds
2026-03-12T18:39:38.584Z,London,11,overcast clouds
2026-03-12T18:39:38.586Z,London,11,overcast clouds
2026-03-12T20:24:44.155Z,London,11.41,overcast clouds
2026-03-12T20:24:44.157Z,London,11.41,overcast clouds
2026-03-12T22:15:49.995Z,London,11.25,overcast clouds
2026-03-12T22:15:49.997Z,London,11.25,overcast clouds
2026-03-13T01:12:12.790Z,London,11.09,heavy intensity rain
2026-03-13T01:12:12.792Z,London,11.09,heavy intensity rain
2026-03-13T04:03:22.875Z,London,8.38,light rain
2026-03-13T04:03:22.877Z,London,8.38,light rain
2026-03-13T06:39:29.785Z,London,5.79,overcast clouds
2026-03-13T06:39:29.787Z,London,5.79,overcast clouds
2026-03-13T08:29:00.070Z,London,6.46,few clouds
2026-03-13T08:29:00.072Z,London,6.46,few clouds
2026-03-13T10:26:25.873Z,London,7.66,overcast clouds
2026-03-13T10:26:25.876Z,London,7.66,overcast clouds
2026-03-13T12:35:53.487Z,London,8.48,overcast clouds
2026-03-13T12:35:53.489Z,London,8.48,overcast clouds
2026-03-13T14:36:17.822Z,London,9.55,broken clouds
2026-03-13T14:36:17.825Z,London,9.55,broken clouds
2026-03-13T16:29:03.326Z,London,7.86,overcast clouds
2026-03-13T16:29:03.329Z,London,7.86,overcast clouds
2026-03-13T18:29:12.612Z,London,7.15,overcast clouds
2026-03-13T18:29:12.614Z,London,7.15,overcast clouds
2026-03-13T20:22:54.490Z,London,4.69,overcast clouds
2026-03-13T20:22:54.492Z,London,4.69,overcast clouds
2026-03-13T22:20:00.136Z,London,3.66,broken clouds
2026-03-13T22:20:00.138Z,London,3.66,broken clouds
2026-03-14T01:11:29.421Z,London,2.85,scattered clouds
2026-03-14T01:11:29.423Z,London,2.85,scattered clouds
2026-03-14T04:02:07.883Z,London,2.46,broken clouds
2026-03-14T04:02:07.885Z,London,2.46,broken clouds
2026-03-14T06:34:26.664Z,London,2.55,broken clouds
2026-03-14T06:34:26.667Z,London,2.55,broken clouds
2026-03-14T08:23:48.147Z,London,3.17,scattered clouds
2026-03-14T08:23:48.149Z,London,3.17,scattered clouds
2026-03-14T10:18:44.666Z,London,8,scattered clouds
2026-03-14T10:18:44.668Z,London,8,scattered clouds
2026-03-14T12:29:23.757Z,London,10.23,few clouds
2026-03-14T12:29:23.759Z,London,10.23,few clouds
2026-03-14T14:20:16.213Z,London,11.18,scattered clouds
2026-03-14T14:20:16.215Z,London,11.18,scattered clouds
2026-03-14T16:19:24.819Z,London,11.33,few clouds
2026-03-14T16:19:24.821Z,London,11.33,few clouds
2026-03-14T18:24:18.238Z,London,8.11,few clouds
2026-03-14T18:24:18.240Z,London,8.11,few clouds
2026-03-14T20:17:23.492Z,London,5.23,clear sky
2026-03-14T20:17:23.494Z,London,5.23,clear sky
2026-03-14T22:16:48.863Z,London,3.92,clear sky
2026-03-14T22:16:48.865Z,London,3.92,clear sky
2026-03-15T01:23:38.502Z,London,2.41,few clouds
2026-03-15T01:23:38.504Z,London,2.41,few clouds
2026-03-15T04:24:29.470Z,London,2.56,few clouds
2026-03-15T04:24:29.472Z,London,2.56,few clouds
2026-03-15T06:43:56.816Z,London,3.3,overcast clouds
2026-03-15T06:43:56.819Z,London,3.3,overcast clouds
2026-03-15T08:26:36.279Z,London,6.41,broken clouds
2026-03-15T08:26:36.281Z,London,6.41,broken clouds
2026-03-15T10:19:42.384Z,London,10.02,broken clouds
2026-03-15T10:19:42.386Z,London,10.02,broken clouds
2026-03-15T12:31:06.125Z,London,12.33,broken clouds
2026-03-15T12:31:06.128Z,London,12.33,broken clouds
2026-03-15T14:21:38.882Z,London,11.83,overcast clouds
2026-03-15T14:21:38.890Z,London,11.83,overcast clouds
2026-03-15T16:20:36.988Z,London,10.33,light rain
2026-03-15T16:20:36.990Z,London,10.33,light rain
2026-03-15T18:25:45.220Z,London,8.94,broken clouds
2026-03-15T18:25:45.222Z,London,8.94,broken clouds
2026-03-15T20:18:05.395Z,London,7.77,scattered clouds
2026-03-15T20:18:05.397Z,London,7.77,scattered clouds
2026-03-15T22:17:18.953Z,London,7.23,few clouds
2026-03-15T22:17:18.955Z,London,7.23,few clouds
2026-03-16T01:23:21.795Z,London,4.42,few clouds
2026-03-16T01:23:21.804Z,London,4.42,few clouds
2026-03-16T04:31:28.743Z,London,5.37,scattered clouds
2026-03-16T04:31:28.746Z,London,5.37,scattered clouds
2026-03-16T07:05:23.311Z,London,6.07,overcast clouds
2026-03-16T07:05:23.314Z,London,6.07,overcast clouds
2026-03-16T08:44:35.903Z,London,7.55,overcast clouds
2026-03-16T08:44:35.905Z,London,7.55,overcast clouds
2026-03-16T10:45:00.132Z,London,10.11,overcast clouds
2026-03-16T10:45:00.134Z,London,10.11,overcast clouds
2026-03-16T12:48:31.965Z,London,11.69,few clouds
2026-03-16T12:48:31.967Z,London,11.69,few clouds
2026-03-16T14:53:38.471Z,London,11.46,overcast clouds
2026-03-16T14:53:38.474Z,London,11.46,overcast clouds
2026-03-16T16:53:22.123Z,London,11.84,broken clouds
2026-03-16T16:53:22.125Z,London,11.84,broken clouds
2026-03-16T18:49:01.836Z,London,11.5,overcast clouds
2026-03-16T18:49:01.838Z,London,11.5,overcast clouds
2026-03-16T20:28:46.153Z,London,10.75,broken clouds
2026-03-16T20:28:46.156Z,London,10.75,broken clouds
2026-03-16T22:23:38.060Z,London,10.33,overcast clouds
2026-03-16T22:23:38.062Z,London,10.33,overcast clouds
2026-03-17T01:14:34.572Z,London,10.44,overcast clouds
2026-03-17T01:14:34.574Z,London,10.44,overcast clouds
2026-03-17T04:08:40.595Z,London,9.92,broken clouds
2026-03-17T04:08:40.621Z,London,9.92,broken clouds
2026-03-17T06:52:55.569Z,London,9.82,overcast clouds
2026-03-17T06:52:55.571Z,London,9.82,overcast clouds
2026-03-17T08:40:05.018Z,London,9.67,overcast clouds
2026-03-17T08:40:05.021Z,London,9.67,overcast clouds
2026-03-17T10:40:44.144Z,London,10.62,overcast clouds
2026-03-17T10:40:44.146Z,London,10.62,overcast clouds
2026-03-17T12:45:50.647Z,London,13.67,overcast clouds
2026-03-17T12:45:50.649Z,London,13.67,overcast clouds
2026-03-17T14:48:57.618Z,London,15.19,broken clouds
2026-03-17T14:48:57.620Z,London,15.19,broken clouds
2026-03-17T16:55:57.617Z,London,14.26,scattered clouds
2026-03-17T16:55:57.619Z,London,14.26,scattered clouds
2026-03-17T18:48:26.268Z,London,11.73,few clouds
2026-03-17T18:48:26.270Z,London,11.73,few clouds
2026-03-17T20:29:33.170Z,London,10.7,scattered clouds
2026-03-17T20:29:33.172Z,London,10.7,scattered clouds
2026-03-17T22:23:27.725Z,London,9.08,broken clouds
2026-03-17T22:23:27.728Z,London,9.08,broken clouds
2026-03-18T01:18:18.727Z,London,8.34,clear sky
2026-03-18T01:18:18.729Z,London,8.34,clear sky
2026-03-18T04:14:26.247Z,London,7.71,clear sky
2026-03-18T04:14:26.249Z,London,7.71,clear sky
2026-03-18T06:51:28.531Z,London,6.89,clear sky
2026-03-18T06:51:28.577Z,London,6.89,clear sky
2026-03-18T08:36:54.879Z,London,10.43,clear sky
2026-03-18T08:36:54.882Z,London,10.43,clear sky
2026-03-18T10:41:41.248Z,London,14.47,clear sky
2026-03-18T10:41:41.250Z,London,14.47,clear sky
2026-03-18T12:46:12.968Z,London,17.7,clear sky
2026-03-18T12:46:12.971Z,London,17.7,clear sky
2026-03-18T14:55:51.534Z,London,18.58,clear sky
2026-03-18T14:55:51.536Z,London,18.58,clear sky
2026-03-18T16:50:04.388Z,London,15.68,clear sky
2026-03-18T16:50:04.391Z,London,15.68,clear sky
2026-03-18T18:44:52.096Z,London,12.1,clear sky
2026-03-18T18:44:52.098Z,London,12.1,clear sky
2026-03-18T20:26:18.038Z,London,10.41,clear sky
2026-03-18T20:26:18.040Z,London,10.41,clear sky
2026-03-18T22:23:54.238Z,London,8.35,clear sky
2026-03-18T22:23:54.241Z,London,8.35,clear sky
2026-03-19T01:17:55.883Z,London,6.81,clear sky
2026-03-19T01:17:55.886Z,London,6.81,clear sky
2026-03-19T04:12:56.811Z,London,5.78,clear sky
2026-03-19T04:12:56.853Z,London,5.78,clear sky
2026-03-19T06:45:01.617Z,London,5.33,clear sky
2026-03-19T06:45:01.619Z,London,5.33,clear sky
2026-03-19T08:31:31.147Z,London,8.12,clear sky
2026-03-19T08:31:31.149Z,London,8.12,clear sky
2026-03-19T10:30:36.546Z,London,13.98,clear sky
2026-03-19T10:30:36.548Z,London,13.98,clear sky
2026-03-19T12:39:54.399Z,London,16.7,clear sky
2026-03-19T12:39:54.402Z,London,16.7,clear sky
2026-03-19T14:40:58.876Z,London,17.37,few clouds
2026-03-19T14:40:58.878Z,London,17.37,few clouds
2026-03-19T16:46:16.183Z,London,14.86,few clouds
2026-03-19T16:46:16.185Z,London,14.86,few clouds
2026-03-19T18:42:11.460Z,London,11.82,overcast clouds
2026-03-19T18:42:11.462Z,London,11.82,overcast clouds
2026-03-19T20:27:11.734Z,London,11,overcast clouds
2026-03-19T20:27:11.736Z,London,11,overcast clouds
2026-03-19T22:18:22.571Z,London,8.85,overcast clouds
2026-03-19T22:18:22.573Z,London,8.85,overcast clouds
2026-03-20T01:13:58.515Z,London,6.69,overcast clouds
2026-03-20T01:13:58.517Z,London,6.69,overcast clouds
2026-03-20T04:05:18.042Z,London,4.98,broken clouds
2026-03-20T04:05:18.044Z,London,4.98,broken clouds
2026-03-20T06:41:53.700Z,London,3.99,overcast clouds
2026-03-20T06:41:53.703Z,London,3.99,overcast clouds
2026-03-20T08:30:27.836Z,London,6.02,overcast clouds
2026-03-20T08:30:27.838Z,London,6.02,overcast clouds
2026-03-20T10:28:47.811Z,London,9.64,broken clouds
2026-03-20T10:28:47.813Z,London,9.64,broken clouds
2026-03-20T12:36:37.136Z,London,13.53,overcast clouds
2026-03-20T12:36:37.140Z,London,13.53,overcast clouds
2026-03-20T14:37:16.691Z,London,14.59,overcast clouds
2026-03-20T14:37:16.693Z,London,14.59,overcast clouds
2026-03-20T16:32:17.096Z,London,13.83,broken clouds
2026-03-20T16:32:17.099Z,London,13.83,broken clouds
2026-03-20T18:34:21.109Z,London,11.84,overcast clouds
2026-03-20T18:34:21.111Z,London,11.84,overcast clouds
2026-03-20T20:21:37.402Z,London,8.78,overcast clouds
2026-03-20T20:21:37.404Z,London,8.78,overcast clouds
2026-03-20T22:18:14.079Z,London,7.84,overcast clouds
2026-03-20T22:18:14.082Z,London,7.84,overcast clouds
2026-03-21T01:09:16.782Z,London,4.74,overcast clouds
2026-03-21T01:09:16.784Z,London,4.74,overcast clouds
2026-03-21T03:56:20.357Z,London,3.83,overcast clouds
2026-03-21T03:56:20.359Z,London,3.87,overcast clouds
2026-03-21T05:03:39.643Z,London,3.65,overcast clouds
2026-03-21T05:03:39.645Z,London,3.65,overcast clouds
2026-03-21T06:31:33.465Z,London,1.78,broken clouds
2026-03-21T06:31:33.468Z,London,1.78,broken clouds
2026-03-21T08:20:55.525Z,London,4.25,scattered clouds
2026-03-21T08:20:55.543Z,London,4.25,scattered clouds
2026-03-21T10:17:26.219Z,London,9.73,scattered clouds
2026-03-21T10:17:26.221Z,London,9.73,scattered clouds
2026-03-21T12:28:04.596Z,London,11.86,scattered clouds
2026-03-21T12:28:04.599Z,London,11.86,scattered clouds
2026-03-21T14:18:09.969Z,London,13.77,scattered clouds
2026-03-21T14:18:09.971Z,London,13.77,scattered clouds
2026-03-21T16:18:00.421Z,London,13.59,scattered clouds
2026-03-21T16:18:00.424Z,London,13.59,scattered clouds
2026-03-21T18:22:50.611Z,London,10.68,few clouds
2026-03-21T18:22:50.613Z,London,11.16,few clouds
2026-03-21T20:15:32.757Z,London,7.27,clear sky
2026-03-21T20:15:32.760Z,London,7.27,clear sky
2026-03-21T22:14:37.898Z,London,6.39,clear sky
2026-03-21T22:14:37.900Z,London,6.39,clear sky
2026-03-22T01:17:41.340Z,London,4.03,clear sky
2026-03-22T01:17:41.342Z,London,4.03,clear sky
2026-03-22T04:10:38.252Z,London,3.45,overcast clouds
2026-03-22T04:10:38.255Z,London,3.45,overcast clouds
2026-03-22T06:38:36.212Z,London,3.47,overcast clouds
2026-03-22T06:38:36.214Z,London,3.47,overcast clouds
2026-03-22T08:23:06.121Z,London,4.83,broken clouds
2026-03-22T08:23:06.123Z,London,4.83,broken clouds
2026-03-22T10:17:58.797Z,London,8.17,few clouds
2026-03-22T10:17:58.800Z,London,8.17,few clouds
2026-03-22T12:29:33.204Z,London,11.33,few clouds
2026-03-22T12:29:33.207Z,London,11.33,few clouds
2026-03-22T14:19:35.078Z,London,13.1,overcast clouds
2026-03-22T14:19:35.087Z,London,13.1,overcast clouds
2026-03-22T16:18:52.734Z,London,12.74,overcast clouds
2026-03-22T16:18:52.736Z,London,12.74,overcast clouds
2026-03-22T18:23:08.056Z,London,11.01,overcast clouds
2026-03-22T18:23:08.058Z,London,11.01,overcast clouds
2026-03-22T20:16:31.434Z,London,9.07,overcast clouds
2026-03-22T20:16:31.436Z,London,9.07,overcast clouds
2026-03-22T22:15:52.786Z,London,8.35,overcast clouds
2026-03-22T22:15:52.788Z,London,8.35,overcast clouds
2026-03-23T01:18:44.313Z,London,6.6,haze
2026-03-23T01:18:44.316Z,London,6.6,haze
2026-03-23T04:19:27.204Z,London,4.2,scattered clouds
2026-03-23T04:19:27.206Z,London,4.2,scattered clouds
2026-03-23T06:58:16.834Z,London,5.17,overcast clouds
2026-03-23T06:58:16.836Z,London,5.17,overcast clouds
2026-03-23T08:43:54.170Z,London,7.24,overcast clouds
2026-03-23T08:43:54.172Z,London,7.24,overcast clouds
2026-03-23T10:43:41.332Z,London,11.33,overcast clouds
2026-03-23T10:43:41.334Z,London,11.33,overcast clouds
2026-03-23T12:42:23.621Z,London,14.08,overcast clouds
2026-03-23T12:42:23.623Z,London,14.08,overcast clouds
2026-03-23T14:49:11.191Z,London,15.53,overcast clouds
2026-03-23T14:49:11.193Z,London,15.53,overcast clouds
2026-03-23T16:46:44.845Z,London,15.25,overcast clouds
2026-03-23T16:46:44.847Z,London,15.25,overcast clouds
2026-03-23T18:39:27.063Z,London,13.54,overcast clouds
2026-03-23T18:39:27.066Z,London,13.54,overcast clouds
2026-03-23T20:29:01.187Z,London,11.93,overcast clouds
2026-03-23T20:29:01.189Z,London,11.93,overcast clouds
2026-03-23T22:21:43.998Z,London,9.91,overcast clouds
2026-03-23T22:21:44.001Z,London,9.91,overcast clouds
2026-03-24T01:11:32.626Z,London,10.02,overcast clouds
2026-03-24T01:11:32.628Z,London,10.02,overcast clouds
2026-03-24T04:09:20.032Z,London,9.56,overcast clouds
2026-03-24T04:09:20.034Z,London,9.56,overcast clouds
2026-03-24T06:52:53.991Z,London,9.34,overcast clouds
2026-03-24T06:52:53.993Z,London,9.34,overcast clouds
2026-03-24T08:39:45.340Z,London,10.49,overcast clouds
2026-03-24T08:39:45.342Z,London,10.49,overcast clouds
2026-03-24T10:41:30.533Z,London,12.02,overcast clouds
2026-03-24T10:41:30.536Z,London,12.02,overcast clouds
2026-03-24T12:47:51.889Z,London,12.6,broken clouds
2026-03-24T12:47:51.892Z,London,12.6,broken clouds
2026-03-24T14:50:43.455Z,London,12.85,overcast clouds
2026-03-24T14:50:43.458Z,London,12.85,overcast clouds
2026-03-24T16:51:44.418Z,London,12.34,overcast clouds
2026-03-24T16:51:44.421Z,London,12.34,overcast clouds
2026-03-24T18:49:40.600Z,London,11.75,overcast clouds
2026-03-24T18:49:40.602Z,London,11.75,overcast clouds
2026-03-24T20:31:43.714Z,London,11.53,broken clouds
2026-03-24T20:31:43.717Z,London,11.53,broken clouds
2026-03-24T22:21:14.963Z,London,9.74,overcast clouds
2026-03-24T22:21:14.965Z,London,9.74,overcast clouds
2026-03-25T01:16:43.105Z,London,7.26,few clouds
2026-03-25T01:16:43.107Z,London,7.26,few clouds
2026-03-25T04:10:30.372Z,London,7.12,broken clouds
2026-03-25T04:10:30.375Z,London,7.12,broken clouds
2026-03-25T06:51:52.196Z,London,6.71,light rain
2026-03-25T06:51:52.199Z,London,6.71,light rain
2026-03-25T08:38:24.829Z,London,6.37,overcast clouds
2026-03-25T08:38:24.831Z,London,6.37,overcast clouds
2026-03-25T10:38:59.360Z,London,7.42,broken clouds
2026-03-25T10:38:59.368Z,London,7.42,broken clouds
2026-03-25T12:43:33.538Z,London,9.15,overcast clouds
2026-03-25T12:43:33.540Z,London,9.15,overcast clouds
2026-03-25T14:52:02.656Z,London,8.04,broken clouds
2026-03-25T14:52:02.659Z,London,8.04,broken clouds
2026-03-25T16:53:57.665Z,London,7.67,broken clouds
2026-03-25T16:53:57.719Z,London,7.67,broken clouds
2026-03-25T18:43:03.183Z,London,5.85,overcast clouds
2026-03-25T18:43:03.186Z,London,5.85,overcast clouds
2026-03-25T20:29:28.791Z,London,5.24,overcast clouds
2026-03-25T20:29:28.793Z,London,5.24,overcast clouds
2026-03-25T22:25:55.239Z,London,4.72,broken clouds
2026-03-25T22:25:55.241Z,London,4.72,broken clouds
2026-03-26T01:22:27.371Z,London,3.63,clear sky
2026-03-26T01:22:27.374Z,London,3.63,clear sky
2026-03-26T04:24:50.463Z,London,2.84,few clouds
2026-03-26T04:24:50.466Z,London,2.84,few clouds
2026-03-26T06:57:33.016Z,London,2.25,few clouds
2026-03-26T06:57:33.029Z,London,2.25,few clouds
2026-03-26T08:43:24.608Z,London,6.05,few clouds
2026-03-26T08:43:24.610Z,London,6.05,few clouds
2026-03-26T10:43:11.885Z,London,7.67,scattered clouds
2026-03-26T10:43:11.887Z,London,7.67,scattered clouds
2026-03-26T12:52:08.764Z,London,9.75,overcast clouds
2026-03-26T12:52:08.766Z,London,9.75,overcast clouds
2026-03-26T14:56:19.016Z,London,10.56,overcast clouds
2026-03-26T14:56:19.018Z,London,10.56,overcast clouds
2026-03-26T16:52:41.821Z,London,10.09,overcast clouds
2026-03-26T16:52:41.823Z,London,10.09,overcast clouds
2026-03-26T18:52:47.933Z,London,8.03,overcast clouds
2026-03-26T18:52:47.936Z,London,8.03,overcast clouds
2026-03-26T20:27:24.122Z,London,7.21,overcast clouds
2026-03-26T20:27:24.124Z,London,7.21,overcast clouds
2026-03-26T22:18:34.857Z,London,7.32,overcast clouds
2026-03-26T22:18:34.859Z,London,7.32,overcast clouds
2026-03-27T01:22:14.053Z,London,7.28,overcast clouds
2026-03-27T01:22:14.074Z,London,7.28,overcast clouds
2026-03-27T04:26:09.239Z,London,6.45,overcast clouds
2026-03-27T04:26:09.241Z,London,6.45,overcast clouds
2026-03-27T06:56:21.149Z,London,7.4,overcast clouds
2026-03-27T06:56:21.151Z,London,7.4,overcast clouds
2026-03-27T08:40:14.115Z,London,8.88,overcast clouds
2026-03-27T08:40:14.117Z,London,8.88,overcast clouds
2026-03-27T10:38:25.712Z,London,11.02,broken clouds
2026-03-27T10:38:25.715Z,London,11.02,broken clouds
2026-03-27T12:40:25.751Z,London,11.92,light rain
2026-03-27T12:40:25.753Z,London,11.92,light rain
2026-03-27T14:43:38.044Z,London,11.63,light rain
2026-03-27T14:43:38.046Z,London,11.63,light rain
2026-03-27T16:42:28.967Z,London,11.67,light rain
2026-03-27T16:42:28.969Z,London,11.67,light rain
2026-03-27T18:43:04.431Z,London,10.63,overcast clouds
2026-03-27T18:43:04.434Z,London,10.63,overcast clouds
2026-03-27T20:27:10.535Z,London,9.92,overcast clouds
2026-03-27T20:27:10.537Z,London,9.92,overcast clouds
2026-03-27T22:22:19.046Z,London,7.92,overcast clouds
2026-03-27T22:22:19.049Z,London,7.92,overcast clouds
2026-03-28T01:16:03.558Z,London,7.11,broken clouds
2026-03-28T01:16:03.560Z,London,7.11,broken clouds
2026-03-28T04:10:04.003Z,London,5.66,scattered clouds
2026-03-28T04:10:04.017Z,London,5.66,scattered clouds
2026-03-28T06:46:21.398Z,London,4.11,clear sky
2026-03-28T06:46:21.400Z,London,4.11,clear sky
2026-03-28T08:28:07.631Z,London,6.54,clear sky
2026-03-28T08:28:07.634Z,London,6.54,clear sky
2026-03-28T10:22:52.475Z,London,8.84,few clouds
2026-03-28T10:22:52.477Z,London,8.84,few clouds
2026-03-28T12:33:28.945Z,London,10.35,overcast clouds
2026-03-28T12:33:28.947Z,London,10.35,overcast clouds
2026-03-28T14:23:58.522Z,London,10.87,overcast clouds
2026-03-28T14:23:58.524Z,London,10.87,overcast clouds
2026-03-28T16:22:07.469Z,London,10.4,broken clouds
2026-03-28T16:22:07.471Z,London,10.4,broken clouds
2026-03-28T18:27:02.683Z,London,8.27,broken clouds
2026-03-28T18:27:02.685Z,London,8.27,broken clouds
2026-03-28T20:18:53.801Z,London,7.02,clear sky
2026-03-28T20:18:53.803Z,London,7.02,clear sky
2026-03-28T22:18:44.819Z,London,4.99,clear sky
2026-03-28T22:18:44.821Z,London,4.99,clear sky
2026-03-29T01:25:37.287Z,London,4.58,clear sky
2026-03-29T01:25:37.289Z,London,4.58,clear sky
2026-03-29T04:29:30.578Z,London,3.2,clear sky
2026-03-29T04:29:30.580Z,London,3.2,clear sky
2026-03-29T06:53:18.068Z,London,3.45,overcast clouds
2026-03-29T06:53:18.070Z,London,3.45,overcast clouds
2026-03-29T08:29:54.602Z,London,6.27,overcast clouds
2026-03-29T08:29:54.604Z,London,6.27,overcast clouds
2026-03-29T10:23:00.982Z,London,9.17,overcast clouds
2026-03-29T10:23:00.984Z,London,9.17,overcast clouds
2026-03-29T12:33:06.550Z,London,10.52,few clouds
2026-03-29T12:33:06.710Z,London,10.52,few clouds
2026-03-29T14:25:41.137Z,London,10.22,light rain
2026-03-29T14:25:41.139Z,London,10.22,light rain
2026-03-29T16:24:03.100Z,London,9.27,overcast clouds
2026-03-29T16:24:03.103Z,London,9.27,overcast clouds
2026-03-29T18:28:00.696Z,London,8.61,light rain
2026-03-29T18:28:00.698Z,London,8.61,light rain
2026-03-29T20:21:18.040Z,London,9,overcast clouds
2026-03-29T20:21:18.053Z,London,9,overcast clouds
2026-03-29T22:20:34.283Z,London,9.24,overcast clouds
2026-03-29T22:20:34.286Z,London,9.24,overcast clouds
2026-03-30T01:26:20.899Z,London,8.17,clear sky
2026-03-30T01:26:20.902Z,London,8.17,clear sky
2026-03-30T04:37:25.825Z,London,6.82,scattered clouds
2026-03-30T04:37:25.828Z,London,6.82,scattered clouds
2026-03-30T07:15:32.289Z,London,6.84,clear sky
2026-03-30T07:15:32.292Z,London,6.84,clear sky
2026-03-30T09:02:53.954Z,London,9.3,scattered clouds
2026-03-30T09:02:53.956Z,London,9.3,scattered clouds
2026-03-30T10:54:53.020Z,London,10.65,scattered clouds
2026-03-30T10:54:53.022Z,London,10.65,scattered clouds
2026-03-30T12:55:07.643Z,London,11.47,overcast clouds
2026-03-30T12:55:07.645Z,London,11.47,overcast clouds
2026-03-30T14:56:28.818Z,London,11.82,broken clouds
2026-03-30T14:56:28.820Z,London,11.82,broken clouds
2026-03-30T16:45:50.644Z,London,11.67,broken clouds
2026-03-30T16:45:50.647Z,London,11.67,broken clouds
2026-03-30T18:46:09.201Z,London,9.97,few clouds
2026-03-30T18:46:09.203Z,London,9.97,few clouds
2026-03-30T20:35:21.172Z,London,9.42,clear sky
2026-03-30T20:35:21.174Z,London,9.42,clear sky
2026-03-30T22:25:17.918Z,London,9.17,clear sky
2026-03-30T22:25:17.920Z,London,9.17,clear sky
2026-03-31T01:23:27.601Z,London,8,overcast clouds
2026-03-31T01:23:27.604Z,London,8,overcast clouds
2026-03-31T04:28:10.902Z,London,8.8,overcast clouds
2026-03-31T04:28:10.905Z,London,8.8,overcast clouds
2026-03-31T07:02:07.441Z,London,9.26,overcast clouds
2026-03-31T07:02:07.443Z,London,9.26,overcast clouds
2026-03-31T08:45:46.816Z,London,10.45,overcast clouds
2026-03-31T08:45:46.819Z,London,10.45,overcast clouds
2026-03-31T10:44:46.830Z,London,12.65,overcast clouds
2026-03-31T10:44:46.833Z,London,12.65,overcast clouds
2026-03-31T12:53:43.791Z,London,15.32,overcast clouds
2026-03-31T12:53:43.793Z,London,15.32,overcast clouds
2026-03-31T14:54:37.239Z,London,16.55,scattered clouds
2026-03-31T14:54:37.242Z,London,16.55,scattered clouds
2026-03-31T16:48:48.660Z,London,16.7,broken clouds
2026-03-31T16:48:48.662Z,London,16.7,broken clouds
2026-03-31T18:47:24.514Z,London,15.36,scattered clouds
2026-03-31T18:47:24.516Z,London,15.36,scattered clouds
2026-03-31T20:33:55.514Z,London,14.04,broken clouds
2026-03-31T20:33:55.517Z,London,14.04,broken clouds
2026-03-31T22:25:08.040Z,London,11.86,few clouds
2026-03-31T22:25:08.042Z,London,11.86,few clouds
2026-04-01T01:44:04.342Z,London,9.88,clear sky
2026-04-01T01:44:04.344Z,London,9.88,clear sky
2026-04-01T04:39:58.202Z,London,8.36,broken clouds
2026-04-01T04:39:58.204Z,London,8.36,broken clouds
2026-04-01T07:08:18.921Z,London,9.31,overcast clouds
2026-04-01T07:08:18.923Z,London,9.31,overcast clouds
2026-04-01T08:54:05.241Z,London,11.3,overcast clouds
2026-04-01T08:54:05.244Z,London,11.3,overcast clouds
2026-04-01T10:45:33.785Z,London,12.93,overcast clouds
2026-04-01T10:45:33.787Z,London,12.93,overcast clouds
2026-04-01T12:56:01.385Z,London,13.76,broken clouds
2026-04-01T12:56:01.387Z,London,13.76,broken clouds
2026-04-01T14:57:00.315Z,London,13.85,broken clouds
2026-04-01T14:57:00.318Z,London,13.85,broken clouds
2026-04-01T16:43:23.796Z,London,13.04,overcast clouds
2026-04-01T16:43:23.798Z,London,13.04,overcast clouds
2026-04-01T18:46:19.763Z,London,12.39,overcast clouds
2026-04-01T18:46:19.768Z,London,12.39,overcast clouds
2026-04-01T20:34:54.274Z,London,11.77,overcast clouds
2026-04-01T20:34:54.276Z,London,11.77,overcast clouds
2026-04-01T22:27:26.309Z,London,11.31,overcast clouds
2026-04-01T22:27:26.311Z,London,11.31,overcast clouds
2026-04-02T01:20:28.438Z,London,10.36,overcast clouds
2026-04-02T01:20:28.440Z,London,10.36,overcast clouds
2026-04-02T04:21:08.822Z,London,7.8,broken clouds
2026-04-02T04:21:08.824Z,London,7.8,broken clouds
2026-04-02T07:00:47.663Z,London,5.77,broken clouds
2026-04-02T07:00:47.668Z,London,5.77,broken clouds
2026-04-02T08:44:20.836Z,London,6.94,broken clouds
2026-04-02T08:44:20.839Z,London,6.94,broken clouds
2026-04-02T10:42:43.428Z,London,8.38,overcast clouds
2026-04-02T10:42:43.430Z,London,8.38,overcast clouds
2026-04-02T12:50:08.787Z,London,10.18,broken clouds
2026-04-02T12:50:08.789Z,London,10.02,broken clouds
2026-04-02T14:46:59.961Z,London,11.99,few clouds
2026-04-02T14:46:59.963Z,London,11.99,few clouds
2026-04-02T16:45:16.615Z,London,12.34,broken clouds
2026-04-02T16:45:16.617Z,London,12.34,broken clouds
2026-04-02T18:42:27.536Z,London,10.62,broken clouds
2026-04-02T18:42:27.538Z,London,10.62,broken clouds
2026-04-02T20:25:34.469Z,London,9.21,overcast clouds
2026-04-02T20:25:34.472Z,London,9.21,overcast clouds
2026-04-02T22:23:07.088Z,London,8.73,overcast clouds
2026-04-02T22:23:07.091Z,London,8.73,overcast clouds
2026-04-03T01:22:54.113Z,London,8.46,overcast clouds
2026-04-03T01:22:54.120Z,London,8.46,overcast clouds
2026-04-03T04:22:03.034Z,London,8.75,broken clouds
2026-04-03T04:22:03.037Z,London,8.75,broken clouds
2026-04-03T06:57:20.339Z,London,9.42,light rain
2026-04-03T06:57:20.341Z,London,9.42,light rain
2026-04-03T08:41:33.014Z,London,10.62,light rain
2026-04-03T08:41:33.016Z,London,10.62,light rain
2026-04-03T10:34:49.296Z,London,12.5,broken clouds
2026-04-03T10:34:49.298Z,London,12.5,broken clouds
2026-04-03T12:40:19.797Z,London,13.66,overcast clouds
2026-04-03T12:40:19.799Z,London,13.66,overcast clouds
2026-04-03T14:36:19.166Z,London,15.08,overcast clouds
2026-04-03T14:36:19.168Z,London,15.08,overcast clouds
2026-04-03T16:29:29.407Z,London,15.36,broken clouds
2026-04-03T16:29:29.409Z,London,15.36,broken clouds
2026-04-03T18:34:21.366Z,London,14.56,broken clouds
2026-04-03T18:34:21.368Z,London,14.56,broken clouds
2026-04-03T20:26:42.942Z,London,13.28,broken clouds
2026-04-03T20:26:42.944Z,London,13.28,broken clouds
2026-04-03T22:22:48.005Z,London,11.79,overcast clouds
2026-04-03T22:22:48.008Z,London,11.79,overcast clouds
2026-04-04T01:17:01.875Z,London,10.03,overcast clouds
2026-04-04T01:17:01.878Z,London,10.03,overcast clouds
2026-04-04T04:08:02.298Z,London,8.31,overcast clouds
2026-04-04T04:08:02.300Z,London,8.31,overcast clouds
2026-04-04T06:48:19.027Z,London,8.4,scattered clouds
2026-04-04T06:48:19.029Z,London,8.4,scattered clouds
2026-04-04T08:30:13.878Z,London,10.96,scattered clouds
2026-04-04T08:30:13.880Z,London,10.96,scattered clouds
2026-04-04T10:23:58.468Z,London,13.02,broken clouds
2026-04-04T10:23:58.471Z,London,13.02,broken clouds
2026-04-04T12:33:06.419Z,London,13.6,overcast clouds
2026-04-04T12:33:06.421Z,London,13.6,overcast clouds
2026-04-04T14:25:35.110Z,London,14.2,broken clouds
2026-04-04T14:25:35.113Z,London,14.2,broken clouds
2026-04-04T16:23:58.760Z,London,13.66,broken clouds
2026-04-04T16:23:58.762Z,London,13.66,broken clouds
2026-04-04T18:27:54.677Z,London,14.14,few clouds
2026-04-04T18:27:54.679Z,London,14.14,few clouds
2026-04-04T20:19:03.711Z,London,12.31,scattered clouds
2026-04-04T20:19:03.713Z,London,12.31,scattered clouds
2026-04-04T22:19:16.251Z,London,12.04,broken clouds
2026-04-04T22:19:16.253Z,London,12.04,broken clouds
2026-04-05T01:26:07.664Z,London,11.08,scattered clouds
2026-04-05T01:26:07.667Z,London,11.08,scattered clouds
2026-04-05T04:29:17.684Z,London,9.43,few clouds
2026-04-05T04:29:17.687Z,London,9.43,few clouds
2026-04-05T06:54:43.653Z,London,8.89,scattered clouds
2026-04-05T06:54:43.655Z,London,8.89,scattered clouds
2026-04-05T08:33:09.220Z,London,10.04,overcast clouds
2026-04-05T08:33:09.222Z,London,10.04,overcast clouds
2026-04-05T10:23:53.056Z,London,11.61,broken clouds
2026-04-05T10:23:53.060Z,London,11.61,broken clouds
2026-04-05T12:35:13.861Z,London,12.82,broken clouds
2026-04-05T12:35:13.864Z,London,12.82,broken clouds
2026-04-05T14:27:27.805Z,London,13.32,overcast clouds
2026-04-05T14:27:27.840Z,London,13.32,overcast clouds
2026-04-05T16:25:40.761Z,London,12.81,overcast clouds
2026-04-05T16:25:40.763Z,London,12.81,overcast clouds
2026-04-05T18:29:46.232Z,London,11.44,overcast clouds
2026-04-05T18:29:46.234Z,London,11.44,overcast clouds
2026-04-05T20:21:29.523Z,London,9.3,overcast clouds
2026-04-05T20:21:29.525Z,London,9.3,overcast clouds
2026-04-05T22:20:27.352Z,London,7.64,broken clouds
2026-04-05T22:20:27.355Z,London,7.64,broken clouds
2026-04-06T01:26:23.259Z,London,4.36,overcast clouds
2026-04-06T01:26:23.262Z,London,4.36,overcast clouds
2026-04-06T04:36:35.315Z,London,2.97,overcast clouds
2026-04-06T04:36:35.318Z,London,2.97,overcast clouds
2026-04-06T07:17:24.494Z,London,4.25,overcast clouds
2026-04-06T07:17:24.496Z,London,4.25,overcast clouds
2026-04-06T09:00:28.853Z,London,9.61,overcast clouds
2026-04-06T09:00:28.856Z,London,9.61,overcast clouds
2026-04-06T10:47:35.438Z,London,12.88,overcast clouds
2026-04-06T10:47:35.440Z,London,12.88,overcast clouds
2026-04-06T12:48:24.715Z,London,14.44,overcast clouds
2026-04-06T12:48:24.717Z,London,14.44,overcast clouds
2026-04-06T14:39:50.314Z,London,15.16,overcast clouds
2026-04-06T14:39:50.323Z,London,15.16,overcast clouds
2026-04-06T16:35:48.797Z,London,14.86,overcast clouds
2026-04-06T16:35:48.800Z,London,14.86,overcast clouds
2026-04-06T18:42:48.761Z,London,11.86,clear sky
2026-04-06T18:42:48.763Z,London,11.86,clear sky
2026-04-06T20:28:57.002Z,London,9.47,clear sky
2026-04-06T20:28:57.004Z,London,9.47,clear sky
2026-04-06T22:25:49.979Z,London,7.49,clear sky
2026-04-06T22:25:49.981Z,London,7.49,clear sky
2026-04-07T01:24:24.269Z,London,7.14,few clouds
2026-04-07T01:24:24.271Z,London,7.14,few clouds
2026-04-07T04:25:56.879Z,London,5.33,scattered clouds
2026-04-07T04:25:56.889Z,London,5.33,scattered clouds
2026-04-07T07:04:23.995Z,London,6.64,clear sky
2026-04-07T07:04:23.997Z,London,6.64,clear sky
2026-04-07T08:52:08.315Z,London,12.95,clear sky
2026-04-07T08:52:08.330Z,London,12.95,clear sky
2026-04-07T10:47:00.863Z,London,17.02,clear sky
2026-04-07T10:47:00.865Z,London,17.02,clear sky
2026-04-07T12:57:45.155Z,London,18.77,clear sky
2026-04-07T12:57:45.158Z,London,18.77,clear sky
2026-04-07T14:59:37.795Z,London,18.86,clear sky
2026-04-07T14:59:37.798Z,London,18.86,clear sky
2026-04-07T16:45:40.869Z,London,17.87,clear sky
2026-04-07T16:45:40.871Z,London,17.87,clear sky
2026-04-07T18:49:14.207Z,London,13.75,few clouds
2026-04-07T18:49:14.210Z,London,13.75,few clouds
2026-04-07T20:36:16.780Z,London,12.36,clear sky
2026-04-07T20:36:16.782Z,London,12.36,clear sky
2026-04-07T22:28:49.156Z,London,10.97,few clouds
2026-04-07T22:28:49.158Z,London,10.97,few clouds
2026-04-08T01:24:57.675Z,London,8.71,few clouds
2026-04-08T01:24:57.678Z,London,8.71,few clouds
2026-04-08T04:28:39.176Z,London,7.6,broken clouds
2026-04-08T04:28:39.179Z,London,7.6,broken clouds
2026-04-08T07:06:33.206Z,London,10.22,overcast clouds
2026-04-08T07:06:33.209Z,London,10.22,overcast clouds
2026-04-08T08:51:53.474Z,London,16.06,scattered clouds
2026-04-08T08:51:53.476Z,London,16.06,scattered clouds
2026-04-08T10:49:23.672Z,London,20.79,scattered clouds
2026-04-08T10:49:23.674Z,London,20.79,scattered clouds
2026-04-08T12:58:35.867Z,London,23.59,overcast clouds
2026-04-08T12:58:35.870Z,London,23.59,overcast clouds
2026-04-08T15:01:10.972Z,London,23.53,broken clouds
2026-04-08T15:01:10.975Z,London,23.53,broken clouds
2026-04-08T16:51:02.544Z,London,23.22,scattered clouds
2026-04-08T16:51:02.547Z,London,23.22,scattered clouds
2026-04-08T19:02:16.426Z,London,18.81,overcast clouds
2026-04-08T19:02:16.428Z,London,18.81,overcast clouds
2026-04-08T20:33:22.886Z,London,18.73,overcast clouds
2026-04-08T20:33:22.888Z,London,18.41,broken clouds
2026-04-08T22:29:50.201Z,London,15.79,broken clouds
2026-04-08T22:29:50.203Z,London,15.79,broken clouds
2026-04-09T01:15:55.401Z,London,14.24,clear sky
2026-04-09T01:15:55.403Z,London,14.24,clear sky
2026-04-09T04:25:06.478Z,London,13.04,few clouds
2026-04-09T04:25:06.481Z,London,13.04,few clouds
2026-04-09T07:10:37.021Z,London,11.28,overcast clouds
2026-04-09T07:10:37.023Z,London,11.28,overcast clouds
2026-04-09T08:58:56.118Z,London,15.91,overcast clouds
2026-04-09T08:58:56.120Z,London,15.91,overcast clouds
2026-04-09T10:52:09.523Z,London,17.95,overcast clouds
2026-04-09T10:52:09.525Z,London,17.95,overcast clouds
2026-04-09T13:00:29.463Z,London,17.45,overcast clouds
2026-04-09T13:00:29.465Z,London,17.45,overcast clouds
2026-04-09T15:13:05.803Z,London,17.54,overcast clouds
2026-04-09T15:13:05.805Z,London,17.54,overcast clouds
2026-04-09T16:56:52.596Z,London,13.75,overcast clouds
2026-04-09T16:56:52.599Z,London,13.75,overcast clouds
2026-04-09T18:50:30.179Z,London,10.82,overcast clouds
2026-04-09T18:50:30.181Z,London,10.82,overcast clouds
2026-04-09T20:39:43.846Z,London,9.18,overcast clouds
2026-04-09T20:39:43.848Z,London,9.18,overcast clouds
2026-04-09T22:31:52.928Z,London,8.6,overcast clouds
2026-04-09T22:31:52.930Z,London,8.6,overcast clouds
2026-04-10T01:26:14.492Z,London,5.45,overcast clouds
2026-04-10T01:26:14.495Z,London,5.45,overcast clouds
2026-04-10T04:39:01.850Z,London,5.44,overcast clouds
2026-04-10T04:39:01.852Z,London,5.44,overcast clouds
2026-04-10T07:15:23.233Z,London,7.37,overcast clouds
2026-04-10T07:15:23.235Z,London,7.37,overcast clouds
2026-04-10T08:59:03.526Z,London,9.41,overcast clouds
2026-04-10T08:59:03.528Z,London,9.54,overcast clouds
2026-04-10T10:42:56.750Z,London,10.82,overcast clouds
2026-04-10T10:42:56.753Z,London,10.82,overcast clouds
2026-04-10T12:46:35.151Z,London,12.87,overcast clouds
2026-04-10T12:46:35.153Z,London,12.87,overcast clouds
2026-04-10T14:41:35.841Z,London,12.33,overcast clouds
2026-04-10T14:41:35.844Z,London,12.33,overcast clouds
2026-04-10T16:40:32.215Z,London,11.45,overcast clouds
2026-04-10T16:40:32.218Z,London,11.45,overcast clouds
2026-04-10T18:39:13.735Z,London,10.08,overcast clouds
2026-04-10T18:39:13.738Z,London,10.08,overcast clouds
2026-04-10T20:25:38.979Z,London,9.79,overcast clouds
2026-04-10T20:25:38.981Z,London,9.79,overcast clouds
2026-04-10T22:26:57.644Z,London,9.06,overcast clouds
2026-04-10T22:26:57.647Z,London,9.06,overcast clouds
2026-04-11T01:20:36.475Z,London,9.12,overcast clouds
2026-04-11T01:20:36.479Z,London,9.12,overcast clouds
2026-04-11T04:12:24.067Z,London,9.98,overcast clouds
2026-04-11T04:12:24.069Z,London,9.98,overcast clouds
2026-04-11T06:49:53.810Z,London,11.39,overcast clouds
2026-04-11T06:49:53.812Z,London,11.39,overcast clouds
2026-04-11T08:32:14.942Z,London,9.7,overcast clouds
2026-04-11T08:32:14.945Z,London,9.7,overcast clouds
2026-04-11T10:24:52.536Z,London,9.01,overcast clouds
2026-04-11T10:24:52.538Z,London,9.01,overcast clouds
2026-04-11T12:35:26.606Z,London,11.44,overcast clouds
2026-04-11T12:35:26.609Z,London,11.44,overcast clouds
2026-04-11T14:28:52.825Z,London,12.3,overcast clouds
2026-04-11T14:28:52.827Z,London,12.3,overcast clouds
2026-04-11T16:25:06.588Z,London,11.68,broken clouds
2026-04-11T16:25:06.590Z,London,11.68,broken clouds
2026-04-11T18:29:58.224Z,London,10.07,scattered clouds
2026-04-11T18:29:58.232Z,London,10.07,scattered clouds
2026-04-11T20:21:45.155Z,London,8.6,clear sky
2026-04-11T20:21:45.158Z,London,8.6,clear sky
2026-04-11T22:21:28.885Z,London,9.18,clear sky
2026-04-11T22:21:28.887Z,London,9.18,clear sky
2026-04-12T01:43:06.576Z,London,8.26,clear sky
2026-04-12T01:43:06.582Z,London,8.26,clear sky
2026-04-12T04:40:45.448Z,London,8.01,clear sky
2026-04-12T04:40:45.450Z,London,8.01,clear sky
2026-04-12T07:03:05.876Z,London,8.34,clear sky
2026-04-12T07:03:05.879Z,London,8.34,clear sky
2026-04-12T08:37:12.815Z,London,10.96,clear sky
2026-04-12T08:37:12.817Z,London,10.96,clear sky
2026-04-12T10:29:47.583Z,London,12.43,clear sky
2026-04-12T10:29:47.593Z,London,12.43,clear sky
2026-04-12T12:38:46.438Z,London,13.27,few clouds
2026-04-12T12:38:46.441Z,London,13.27,few clouds
2026-04-12T14:33:47.683Z,London,13.34,overcast clouds
2026-04-12T14:33:47.685Z,London,13.34,overcast clouds
2026-04-12T16:27:32.730Z,London,12.45,broken clouds
2026-04-12T16:27:32.732Z,London,12.45,broken clouds
2026-04-12T18:33:39.568Z,London,10.59,broken clouds
2026-04-12T18:33:39.570Z,London,10.59,broken clouds
2026-04-12T20:24:57.237Z,London,7.95,clear sky
2026-04-12T20:24:57.239Z,London,7.95,clear sky
2026-04-12T22:23:35.205Z,London,6.75,clear sky
2026-04-12T22:23:35.207Z,London,6.75,clear sky
2026-04-13T01:47:46.189Z,London,5.76,few clouds
2026-04-13T01:47:46.191Z,London,5.76,few clouds
2026-04-13T04:50:59.984Z,London,4.32,scattered clouds
2026-04-13T04:50:59.986Z,London,4.32,scattered clouds
2026-04-13T07:48:11.040Z,London,7.18,scattered clouds
2026-04-13T07:48:11.042Z,London,7.18,scattered clouds
2026-04-13T09:27:18.708Z,London,10.12,scattered clouds
2026-04-13T09:27:18.710Z,London,10.12,scattered clouds
2026-04-13T11:09:09.172Z,London,12.45,few clouds
2026-04-13T11:09:09.174Z,London,12.45,few clouds
2026-04-13T13:01:40.374Z,London,13.04,light rain
2026-04-13T13:01:40.376Z,London,13.04,light rain
2026-04-13T15:07:45.674Z,London,12.75,light rain
2026-04-13T15:07:45.686Z,London,12.75,light rain
2026-04-13T16:53:46.383Z,London,12.29,overcast clouds
2026-04-13T16:53:46.386Z,London,12.29,overcast clouds
2026-04-13T19:01:36.540Z,London,10.92,broken clouds
2026-04-13T19:01:36.543Z,London,10.92,broken clouds
2026-04-13T20:42:35.179Z,London,7.72,few clouds
2026-04-13T20:42:35.182Z,London,7.72,few clouds
2026-04-13T22:35:17.564Z,London,6.12,few clouds
2026-04-13T22:35:17.566Z,London,6.12,few clouds
2026-04-14T01:29:41.697Z,London,5.62,clear sky
2026-04-14T01:29:41.699Z,London,5.62,clear sky
2026-04-14T04:38:23.894Z,London,3.25,clear sky
2026-04-14T04:38:23.898Z,London,3.25,clear sky
2026-04-14T07:17:59.367Z,London,6.01,clear sky
2026-04-14T07:17:59.369Z,London,6.01,clear sky
2026-04-14T09:08:52.140Z,London,11.99,clear sky
2026-04-14T09:08:52.143Z,London,11.99,clear sky
2026-04-14T10:55:41.465Z,London,14.09,clear sky
2026-04-14T10:55:41.467Z,London,14.09,clear sky
2026-04-14T13:02:17.507Z,London,14.73,overcast clouds
2026-04-14T13:02:17.509Z,London,14.73,overcast clouds
2026-04-14T15:05:51.154Z,London,14.6,overcast clouds
2026-04-14T15:05:51.157Z,London,14.6,overcast clouds
2026-04-14T16:55:20.731Z,London,14.66,broken clouds
2026-04-14T16:55:20.733Z,London,14.66,broken clouds
2026-04-14T18:58:50.109Z,London,12.85,overcast clouds
2026-04-14T18:58:50.112Z,London,12.85,overcast clouds
2026-04-14T20:42:28.933Z,London,13.87,broken clouds
2026-04-14T20:42:28.936Z,London,13.87,broken clouds
2026-04-14T22:36:52.989Z,London,12.32,overcast clouds
2026-04-14T22:36:52.991Z,London,12.32,overcast clouds
2026-04-15T01:26:11.766Z,London,11.85,overcast clouds
2026-04-15T01:26:11.769Z,London,11.85,overcast clouds
2026-04-15T04:38:30.998Z,London,12.92,overcast clouds
2026-04-15T04:38:31.000Z,London,12.92,overcast clouds
2026-04-15T07:18:13.443Z,London,12.47,overcast clouds
2026-04-15T07:18:13.445Z,London,12.47,overcast clouds
2026-04-15T09:09:39.787Z,London,14.09,overcast clouds
2026-04-15T09:09:39.789Z,London,14.09,overcast clouds
2026-04-15T10:52:23.864Z,London,15.16,overcast clouds
2026-04-15T10:52:23.867Z,London,15.16,overcast clouds
2026-04-15T13:01:07.971Z,London,16.59,overcast clouds
2026-04-15T13:01:07.973Z,London,16.59,overcast clouds
2026-04-15T14:59:04.135Z,London,15.94,scattered clouds
2026-04-15T14:59:04.138Z,London,15.94,scattered clouds
2026-04-15T16:53:01.409Z,London,14.51,broken clouds
2026-04-15T16:53:01.412Z,London,14.51,broken clouds
2026-04-15T19:00:49.199Z,London,13.76,few clouds
2026-04-15T19:00:49.201Z,London,13.76,few clouds
2026-04-15T20:38:02.909Z,London,11.61,clear sky
2026-04-15T20:38:02.912Z,London,11.61,clear sky
2026-04-15T22:33:42.247Z,London,10.9,clear sky
2026-04-15T22:33:42.249Z,London,10.9,clear sky
2026-04-16T01:46:57.136Z,London,10.45,overcast clouds
2026-04-16T01:46:57.138Z,London,10.45,overcast clouds
2026-04-16T04:44:31.898Z,London,11.01,broken clouds
2026-04-16T04:44:31.900Z,London,11.01,broken clouds
2026-04-16T07:19:01.817Z,London,12.07,overcast clouds
2026-04-16T07:19:01.820Z,London,12.04,overcast clouds
2026-04-16T09:08:48.705Z,London,13.31,overcast clouds
2026-04-16T09:08:48.721Z,London,13.31,overcast clouds
2026-04-16T10:54:47.538Z,London,15.45,overcast clouds
2026-04-16T10:54:47.540Z,London,15.45,overcast clouds
2026-04-16T13:06:29.785Z,London,16.01,overcast clouds
2026-04-16T13:06:29.787Z,London,16.01,overcast clouds
2026-04-16T15:18:26.489Z,London,17.37,scattered clouds
2026-04-16T15:18:26.491Z,London,17.37,scattered clouds
2026-04-16T17:03:12.665Z,London,16.85,broken clouds
2026-04-16T17:03:12.667Z,London,16.85,broken clouds
2026-04-16T18:58:23.219Z,London,13.49,overcast clouds
2026-04-16T18:58:23.223Z,London,13.49,overcast clouds
2026-04-16T20:38:31.703Z,London,12.05,overcast clouds
2026-04-16T20:38:31.705Z,London,12.05,overcast clouds
2026-04-16T22:30:38.734Z,London,11.3,overcast clouds
2026-04-16T22:30:38.737Z,London,11.27,overcast clouds
2026-04-17T01:29:45.112Z,London,10.91,overcast clouds
2026-04-17T01:29:45.114Z,London,10.91,overcast clouds
2026-04-17T04:41:45.499Z,London,10.34,overcast clouds
2026-04-17T04:41:45.501Z,London,10.34,overcast clouds
2026-04-17T07:19:23.463Z,London,11.5,overcast clouds
2026-04-17T07:19:23.465Z,London,11.5,overcast clouds
2026-04-17T09:08:06.470Z,London,13.79,overcast clouds
2026-04-17T09:08:06.473Z,London,13.79,overcast clouds
2026-04-17T10:45:54.532Z,London,15.75,overcast clouds
2026-04-17T10:45:54.534Z,London,15.75,overcast clouds
2026-04-17T12:56:33.266Z,London,16.99,broken clouds
2026-04-17T12:56:33.268Z,London,16.95,broken clouds
2026-04-17T14:47:38.044Z,London,16.99,overcast clouds
2026-04-17T14:47:38.047Z,London,16.99,overcast clouds
2026-04-17T16:43:26.172Z,London,16.13,broken clouds
2026-04-17T16:43:26.175Z,London,16.13,broken clouds
2026-04-17T18:43:26.556Z,London,13.9,overcast clouds
2026-04-17T18:43:26.559Z,London,13.9,overcast clouds
2026-04-17T20:35:30.785Z,London,13.77,broken clouds
2026-04-17T20:35:30.787Z,London,13.77,broken clouds
2026-04-17T22:28:37.947Z,London,12.97,scattered clouds
2026-04-17T22:28:37.949Z,London,12.97,scattered clouds
2026-04-18T01:23:04.555Z,London,10.87,overcast clouds
2026-04-18T01:23:04.557Z,London,10.87,overcast clouds
2026-04-18T04:24:06.672Z,London,8.76,overcast clouds
2026-04-18T04:24:06.674Z,London,8.76,overcast clouds
2026-04-18T06:56:31.480Z,London,10.1,clear sky
2026-04-18T06:56:31.482Z,London,10.1,clear sky
2026-04-18T08:37:44.339Z,London,11.78,clear sky
2026-04-18T08:37:44.342Z,London,11.78,clear sky
2026-04-18T10:31:27.850Z,London,14.14,clear sky
2026-04-18T10:31:27.854Z,London,14.14,clear sky
2026-04-18T12:39:15.653Z,London,16.1,broken clouds
2026-04-18T12:39:15.655Z,London,16.1,broken clouds
2026-04-18T14:34:37.402Z,London,16.4,clear sky
2026-04-18T14:34:37.415Z,London,16.4,clear sky
2026-04-18T16:28:05.357Z,London,16.5,scattered clouds
2026-04-18T16:28:05.359Z,London,16.5,scattered clouds
2026-04-18T18:33:50.652Z,London,13.96,broken clouds
2026-04-18T18:33:50.654Z,London,13.96,broken clouds
2026-04-18T20:25:48.785Z,London,11.38,clear sky
2026-04-18T20:25:48.787Z,London,11.38,clear sky
2026-04-18T22:23:55.409Z,London,9.05,few clouds
2026-04-18T22:23:55.411Z,London,9.05,few clouds
2026-04-19T01:46:44.849Z,London,8.5,clear sky
2026-04-19T01:46:44.851Z,London,8.5,clear sky
2026-04-19T04:43:46.878Z,London,6.93,clear sky
2026-04-19T04:43:46.880Z,London,6.93,clear sky
2026-04-19T07:06:48.408Z,London,8,clear sky
2026-04-19T07:06:48.410Z,London,8,clear sky
2026-04-19T08:42:24.362Z,London,11.18,clear sky
2026-04-19T08:42:24.364Z,London,11.18,clear sky
2026-04-19T10:30:55.259Z,London,13.35,few clouds
2026-04-19T10:30:55.262Z,London,13.35,few clouds
2026-04-19T12:38:07.621Z,London,14.97,overcast clouds
2026-04-19T12:38:07.639Z,London,14.97,overcast clouds
2026-04-19T14:34:30.109Z,London,15.01,overcast clouds
2026-04-19T14:34:30.111Z,London,15.01,overcast clouds
2026-04-19T16:28:42.947Z,London,15.11,overcast clouds
2026-04-19T16:28:42.951Z,London,15.11,overcast clouds
2026-04-19T18:34:41.323Z,London,13.28,few clouds
2026-04-19T18:34:41.325Z,London,13.28,few clouds
2026-04-19T20:26:23.691Z,London,10.15,broken clouds
2026-04-19T20:26:23.695Z,London,10.15,broken clouds
2026-04-19T22:25:10.806Z,London,8.99,scattered clouds
2026-04-19T22:25:10.808Z,London,8.99,scattered clouds
2026-04-20T01:48:41.498Z,London,5.72,broken clouds
2026-04-20T01:48:41.501Z,London,5.72,broken clouds
2026-04-20T04:51:08.584Z,London,4.83,scattered clouds
2026-04-20T04:51:08.586Z,London,4.83,scattered clouds
2026-04-20T07:50:51.087Z,London,8.43,few clouds
2026-04-20T07:50:51.089Z,London,8.43,few clouds
2026-04-20T09:49:19.851Z,London,12.15,few clouds
2026-04-20T09:49:19.853Z,London,12.15,few clouds
2026-04-20T11:12:05.643Z,London,12.51,overcast clouds
2026-04-20T11:12:05.646Z,London,12.51,overcast clouds
2026-04-20T13:06:34.763Z,London,13.65,overcast clouds
2026-04-20T13:06:34.765Z,London,13.65,overcast clouds
2026-04-20T15:09:47.974Z,London,13.23,light rain
2026-04-20T15:09:47.976Z,London,13.23,light rain
2026-04-20T16:54:45.026Z,London,12.56,overcast clouds
2026-04-20T16:54:45.049Z,London,12.56,overcast clouds
2026-04-20T18:52:06.774Z,London,11.19,scattered clouds
2026-04-20T18:52:06.777Z,London,11.19,scattered clouds
2026-04-20T20:36:32.202Z,London,8.75,scattered clouds
2026-04-20T20:36:32.221Z,London,8.75,scattered clouds
2026-04-20T22:33:57.334Z,London,6.62,few clouds
2026-04-20T22:33:57.354Z,London,6.62,few clouds
2026-04-21T01:29:48.537Z,London,5.65,few clouds
2026-04-21T01:29:48.539Z,London,5.65,few clouds
2026-04-21T04:41:19.686Z,London,4.7,clear sky
2026-04-21T04:41:19.689Z,London,4.7,clear sky
2026-04-21T07:21:51.164Z,London,7.52,clear sky
2026-04-21T07:21:51.167Z,London,7.52,clear sky
2026-04-21T09:17:08.684Z,London,11.03,scattered clouds
2026-04-21T09:17:08.686Z,London,11.03,scattered clouds
2026-04-21T10:58:40.438Z,London,12.25,scattered clouds
2026-04-21T10:58:40.441Z,London,12.25,scattered clouds
2026-04-21T13:00:59.817Z,London,13.43,overcast clouds
2026-04-21T13:00:59.820Z,London,13.43,overcast clouds
2026-04-21T15:04:02.448Z,London,13.92,broken clouds
2026-04-21T15:04:02.451Z,London,13.66,broken clouds
2026-04-21T16:48:29.713Z,London,13.57,overcast clouds
2026-04-21T16:48:29.715Z,London,13.57,overcast clouds
2026-04-21T18:57:55.132Z,London,10.66,scattered clouds
2026-04-21T18:57:55.134Z,London,10.66,scattered clouds
2026-04-21T20:39:51.693Z,London,8.69,scattered clouds
2026-04-21T20:39:51.695Z,London,8.69,scattered clouds
2026-04-21T22:31:13.281Z,London,7.51,scattered clouds
2026-04-21T22:31:13.283Z,London,7.51,scattered clouds
2026-04-22T01:28:10.024Z,London,6.17,clear sky
2026-04-22T01:28:10.028Z,London,6.17,clear sky
2026-04-22T04:38:56.261Z,London,5.72,clear sky
2026-04-22T04:38:56.264Z,London,5.72,clear sky
2026-04-22T07:19:47.492Z,London,9.01,clear sky
2026-04-22T07:19:47.494Z,London,9.01,clear sky
2026-04-22T09:11:34.548Z,London,12.68,clear sky
2026-04-22T09:11:34.551Z,London,12.68,clear sky
2026-04-22T10:57:13.947Z,London,15.39,clear sky
2026-04-22T10:57:13.949Z,London,15.39,clear sky
2026-04-22T13:02:07.414Z,London,16.15,clear sky
2026-04-22T13:02:07.416Z,London,16.15,clear sky
2026-04-22T15:04:15.032Z,London,16.48,few clouds
2026-04-22T15:04:15.034Z,London,16.48,few clouds
2026-04-22T16:49:19.191Z,London,14.94,few clouds
2026-04-22T16:49:19.194Z,London,14.94,few clouds
2026-04-22T18:58:52.845Z,London,12.36,clear sky
2026-04-22T18:58:52.847Z,London,12.36,clear sky
2026-04-22T20:42:14.130Z,London,10.69,broken clouds
2026-04-22T20:42:14.133Z,London,10.57,broken clouds
2026-04-22T22:38:23.116Z,London,8.54,broken clouds
2026-04-22T22:38:23.118Z,London,8.54,broken clouds
2026-04-23T01:47:22.146Z,London,6.86,clear sky
2026-04-23T01:47:22.148Z,London,6.86,clear sky
2026-04-23T04:43:53.278Z,London,6.15,clear sky
2026-04-23T04:43:53.313Z,London,6.15,clear sky
2026-04-23T07:22:06.539Z,London,8.32,clear sky
2026-04-23T07:22:06.542Z,London,8.32,clear sky
2026-04-23T09:17:59.842Z,London,12.24,broken clouds
2026-04-23T09:17:59.845Z,London,12.24,broken clouds
2026-04-23T11:00:13.305Z,London,15.81,clear sky
2026-04-23T11:00:13.308Z,London,15.81,clear sky
2026-04-23T13:01:12.296Z,London,17.32,clear sky
2026-04-23T13:01:12.298Z,London,17.32,clear sky
2026-04-23T15:29:47.854Z,London,18,clear sky
2026-04-23T15:29:47.856Z,London,18,clear sky
2026-04-23T17:09:31.196Z,London,16.33,clear sky
2026-04-23T17:09:31.198Z,London,16.33,clear sky
2026-04-23T18:55:26.573Z,London,11.94,clear sky
2026-04-23T18:55:26.576Z,London,11.94,clear sky
2026-04-23T20:43:02.356Z,London,9.26,clear sky
2026-04-23T20:43:02.358Z,London,9.26,clear sky
2026-04-23T22:34:22.703Z,London,7.84,clear sky
2026-04-23T22:34:22.705Z,London,7.84,clear sky
2026-04-24T01:46:20.669Z,London,5.79,broken clouds
2026-04-24T01:46:20.672Z,London,5.79,broken clouds
2026-04-24T04:47:41.154Z,London,5.31,overcast clouds
2026-04-24T04:47:41.156Z,London,5.31,overcast clouds
2026-04-24T07:48:25.089Z,London,7.21,broken clouds
2026-04-24T07:48:25.091Z,London,7.21,broken clouds
2026-04-24T09:22:08.410Z,London,10.43,clear sky
2026-04-24T09:22:08.412Z,London,10.43,clear sky
2026-04-24T10:57:41.547Z,London,14.56,clear sky
2026-04-24T10:57:41.568Z,London,14.56,clear sky
2026-04-24T12:59:46.394Z,London,17.77,clear sky
2026-04-24T12:59:46.396Z,London,17.77,clear sky
2026-04-24T15:00:20.179Z,London,18.84,clear sky
2026-04-24T15:00:20.189Z,London,18.84,clear sky
2026-04-24T16:44:09.208Z,London,17.7,clear sky
2026-04-24T16:44:09.210Z,London,17.7,clear sky
2026-04-24T18:37:00.990Z,London,15.62,clear sky
2026-04-24T18:37:00.992Z,London,15.62,clear sky
2026-04-24T20:36:14.561Z,London,11.03,scattered clouds
2026-04-24T20:36:14.563Z,London,11.03,scattered clouds
2026-04-24T22:32:02.914Z,London,8.28,scattered clouds
2026-04-24T22:32:02.917Z,London,8.42,scattered clouds
2026-04-25T01:25:56.086Z,London,5.55,clear sky
2026-04-25T01:25:56.089Z,London,5.55,clear sky
2026-04-25T04:28:40.549Z,London,5.11,fog
2026-04-25T04:28:40.552Z,London,5.11,fog
2026-04-25T07:01:52.650Z,London,5.65,overcast clouds
2026-04-25T07:01:52.652Z,London,5.65,overcast clouds
2026-04-25T08:41:05.491Z,London,10.52,overcast clouds
2026-04-25T08:41:05.494Z,London,10.52,overcast clouds
2026-04-25T10:34:55.770Z,London,15.56,overcast clouds
2026-04-25T10:34:55.773Z,London,15.56,overcast clouds
2026-04-25T12:40:34.838Z,London,19.06,overcast clouds
2026-04-25T12:40:34.840Z,London,19.06,overcast clouds
2026-04-25T14:35:34.527Z,London,20.49,broken clouds
2026-04-25T14:35:34.532Z,London,20.49,broken clouds
2026-04-25T16:30:38.031Z,London,21.19,scattered clouds
2026-04-25T16:30:38.033Z,London,21.19,scattered clouds
2026-04-25T18:35:59.852Z,London,19.63,clear sky
2026-04-25T18:35:59.854Z,London,19.63,clear sky
2026-04-25T20:28:31.125Z,London,14.33,clear sky
2026-04-25T20:28:31.127Z,London,14.33,clear sky
2026-04-25T22:26:27.891Z,London,10.97,clear sky
2026-04-25T22:26:28.106Z,London,10.97,clear sky
2026-04-26T01:48:32.001Z,London,8.29,few clouds
2026-04-26T01:48:32.005Z,London,8.29,few clouds
2026-04-26T04:52:02.670Z,London,7.66,overcast clouds
2026-04-26T04:52:02.673Z,London,7.66,overcast clouds
2026-04-26T07:16:09.321Z,London,10.38,scattered clouds
2026-04-26T07:16:09.323Z,London,10.38,scattered clouds
2026-04-26T08:49:37.094Z,London,13.28,scattered clouds
2026-04-26T08:49:37.096Z,London,13.28,scattered clouds
2026-04-26T10:36:50.441Z,London,15.93,overcast clouds
2026-04-26T10:36:50.444Z,London,15.93,overcast clouds
2026-04-26T12:42:00.593Z,London,18.85,overcast clouds
2026-04-26T12:42:00.595Z,London,18.85,overcast clouds
2026-04-26T14:36:19.678Z,London,18.96,overcast clouds
2026-04-26T14:36:19.680Z,London,18.96,overcast clouds
2026-04-26T16:31:43.117Z,London,17.36,overcast clouds
2026-04-26T16:31:43.132Z,London,17.36,overcast clouds
2026-04-26T18:37:06.625Z,London,14.84,overcast clouds
2026-04-26T18:37:06.628Z,London,14.84,overcast clouds
2026-04-26T20:28:27.189Z,London,11.78,overcast clouds
2026-04-26T20:28:27.191Z,London,11.78,overcast clouds
2026-04-26T22:28:00.792Z,London,10.42,overcast clouds
2026-04-26T22:28:00.794Z,London,10.42,overcast clouds
2026-04-27T01:52:17.356Z,London,9.08,overcast clouds
2026-04-27T01:52:17.358Z,London,9.08,overcast clouds
2026-04-27T05:15:13.832Z,London,7.17,overcast clouds
2026-04-27T05:15:13.834Z,London,7.17,overcast clouds
2026-04-27T08:05:08.595Z,London,12.07,few clouds
2026-04-27T08:05:08.598Z,London,12.07,few clouds
2026-04-27T11:29:37.014Z,London,19.43,clear sky
2026-04-27T11:29:37.016Z,London,19.43,clear sky
2026-04-27T13:17:23.848Z,London,20.75,clear sky
2026-04-27T13:17:23.945Z,London,20.75,clear sky
2026-04-27T15:28:51.944Z,London,21.14,few clouds
2026-04-27T15:28:51.946Z,London,21.14,few clouds
2026-04-27T17:14:36.132Z,London,18.98,broken clouds
2026-04-27T17:14:36.135Z,London,18.98,broken clouds
2026-04-27T19:03:53.126Z,London,17.93,overcast clouds
2026-04-27T19:03:53.194Z,London,17.93,overcast clouds
2026-04-27T20:52:16.167Z,London,14.08,overcast clouds
2026-04-27T20:52:16.169Z,London,14.08,overcast clouds
2026-04-27T22:40:25.143Z,London,12.09,overcast clouds
2026-04-27T22:40:25.170Z,London,12.09,overcast clouds
2026-04-28T01:59:40.415Z,London,9.82,overcast clouds
2026-04-28T01:59:40.418Z,London,9.82,overcast clouds
2026-04-28T05:32:48.460Z,London,9.44,broken clouds
2026-04-28T05:32:48.462Z,London,9.44,broken clouds
2026-04-28T08:06:35.676Z,London,10.29,overcast clouds
2026-04-28T08:06:35.678Z,London,10.29,overcast clouds
2026-04-28T11:40:25.668Z,London,12.74,broken clouds
2026-04-28T11:40:25.670Z,London,12.74,broken clouds
2026-04-28T13:28:32.010Z,London,15.64,few clouds
2026-04-28T13:28:32.018Z,London,15.64,few clouds
2026-04-28T16:07:56.206Z,London,16.35,broken clouds
2026-04-28T16:07:56.208Z,London,16.35,broken clouds
2026-04-28T19:19:24.724Z,London,12.82,clear sky
2026-04-28T19:19:24.727Z,London,12.77,clear sky
2026-04-28T20:58:49.961Z,London,10.67,clear sky
2026-04-28T20:58:49.963Z,London,10.67,clear sky
2026-04-28T22:46:03.344Z,London,8.97,clear sky
2026-04-28T22:46:03.347Z,London,8.97,clear sky
2026-04-29T02:01:38.852Z,London,8.17,clear sky
2026-04-29T02:01:38.855Z,London,8.17,clear sky
2026-04-29T06:17:04.648Z,London,9.98,clear sky
2026-04-29T06:17:04.670Z,London,10.1,clear sky
2026-04-29T09:56:56.579Z,London,16.12,clear sky
2026-04-29T09:56:56.582Z,London,16.12,clear sky
2026-04-29T11:25:30.010Z,London,16.79,clear sky
2026-04-29T11:25:30.012Z,London,16.79,clear sky
2026-04-29T13:22:45.516Z,London,17.24,clear sky
2026-04-29T13:22:45.518Z,London,17.24,clear sky
2026-04-29T15:51:22.354Z,London,15.84,scattered clouds
2026-04-29T15:51:22.534Z,London,15.84,scattered clouds
2026-04-29T17:17:08.259Z,London,15.83,broken clouds
2026-04-29T17:17:08.263Z,London,15.83,broken clouds
2026-04-29T19:08:46.651Z,London,14.22,few clouds
2026-04-29T19:08:46.654Z,London,14.22,few clouds
2026-04-29T20:52:29.682Z,London,12.46,clear sky
2026-04-29T20:52:29.684Z,London,12.46,clear sky
2026-04-29T22:46:09.459Z,London,11.09,scattered clouds
2026-04-29T22:46:09.461Z,London,11.09,scattered clouds
2026-04-30T02:01:13.872Z,London,10.58,few clouds
2026-04-30T02:01:13.874Z,London,10.58,few clouds
2026-04-30T06:21:30.559Z,London,11.09,clear sky
2026-04-30T06:21:30.572Z,London,11.09,clear sky
2026-04-30T09:57:58.411Z,London,17.07,clear sky
2026-04-30T09:57:58.413Z,London,17.07,clear sky
2026-04-30T11:25:54.239Z,London,18.47,clear sky
2026-04-30T11:25:54.253Z,London,18.47,clear sky
2026-04-30T13:20:37.873Z,London,19.38,clear sky
2026-04-30T13:20:37.875Z,London,19.38,clear sky
2026-04-30T15:43:04.867Z,London,19.63,clear sky
2026-04-30T15:43:04.872Z,London,19.63,clear sky
2026-04-30T17:08:39.820Z,London,19.12,clear sky
2026-04-30T17:08:39.840Z,London,19.12,clear sky
2026-04-30T19:05:32.559Z,London,16.94,clear sky
2026-04-30T19:05:32.561Z,London,16.94,clear sky
2026-04-30T20:50:06.350Z,London,14.57,clear sky
2026-04-30T20:50:06.352Z,London,14.57,clear sky
2026-04-30T22:41:26.508Z,London,12.72,clear sky
2026-04-30T22:41:26.511Z,London,12.72,clear sky
2026-05-01T02:04:54.608Z,London,10.51,clear sky
2026-05-01T02:04:54.610Z,London,10.51,clear sky
2026-05-01T06:31:10.427Z,London,12.17,clear sky
2026-05-01T06:31:10.481Z,London,12.5,clear sky
2026-05-01T09:25:24.540Z,London,19.16,clear sky
2026-05-01T09:25:24.555Z,London,19.16,clear sky
2026-05-01T11:01:09.817Z,London,22.1,clear sky
2026-05-01T11:01:09.819Z,London,22.1,clear sky
2026-05-01T12:56:00.686Z,London,24.3,clear sky
2026-05-01T12:56:00.689Z,London,24.3,clear sky
2026-05-01T14:46:25.847Z,London,24.51,clear sky
2026-05-01T14:46:25.849Z,London,24.51,clear sky
2026-05-01T16:43:53.076Z,London,22.78,scattered clouds
2026-05-01T16:43:53.078Z,London,22.78,scattered clouds
2026-05-01T18:57:14.471Z,London,20.4,scattered clouds
2026-05-01T18:57:14.474Z,London,20.4,scattered clouds
2026-05-01T20:40:37.227Z,London,17.19,scattered clouds
2026-05-01T20:40:37.230Z,London,17.19,scattered clouds
2026-05-01T22:40:10.235Z,London,16.26,scattered clouds
2026-05-01T22:40:10.237Z,London,16.26,scattered clouds
2026-05-02T01:51:51.323Z,London,11.89,scattered clouds
2026-05-02T01:51:51.326Z,London,11.89,scattered clouds
2026-05-02T04:52:32.477Z,London,10.48,broken clouds
2026-05-02T04:52:32.479Z,London,10.48,broken clouds
2026-05-02T07:19:03.659Z,London,11.78,overcast clouds
2026-05-02T07:19:03.662Z,London,11.78,overcast clouds
2026-05-02T08:56:58.116Z,London,15.04,overcast clouds
2026-05-02T08:56:58.120Z,London,15.04,overcast clouds
2026-05-02T10:41:40.506Z,London,17.99,overcast clouds
2026-05-02T10:41:40.508Z,London,17.99,overcast clouds
2026-05-02T12:46:29.609Z,London,21.58,broken clouds
2026-05-02T12:46:29.611Z,London,21.58,broken clouds
2026-05-02T14:40:15.228Z,London,23.37,overcast clouds
2026-05-02T14:40:15.231Z,London,23.37,overcast clouds
2026-05-02T16:36:30.654Z,London,20.72,light rain
2026-05-02T16:36:30.659Z,London,20.72,light rain
2026-05-02T18:43:14.856Z,London,15.9,broken clouds
2026-05-02T18:43:14.858Z,London,15.9,broken clouds
2026-05-02T20:31:33.406Z,London,15.65,few clouds
2026-05-02T20:31:33.408Z,London,15.65,few clouds
2026-05-02T22:30:13.286Z,London,14.87,broken clouds
2026-05-02T22:30:13.289Z,London,14.87,broken clouds
2026-05-03T01:55:13.715Z,London,13.77,overcast clouds
2026-05-03T01:55:13.718Z,London,13.77,overcast clouds
2026-05-03T05:22:50.733Z,London,13.14,broken clouds
2026-05-03T05:22:50.736Z,London,13.14,broken clouds
2026-05-03T07:47:37.876Z,London,14.16,scattered clouds
2026-05-03T07:47:37.878Z,London,14.16,scattered clouds
2026-05-03T09:13:20.459Z,London,15.4,broken clouds
2026-05-03T09:13:20.461Z,London,15.4,broken clouds
2026-05-03T10:44:12.079Z,London,16.9,scattered clouds
2026-05-03T10:44:12.082Z,London,16.9,scattered clouds
2026-05-03T12:45:57.033Z,London,18.36,broken clouds
2026-05-03T12:45:57.036Z,London,18.36,broken clouds
2026-05-03T14:40:57.211Z,London,18.93,scattered clouds
2026-05-03T14:40:57.213Z,London,18.93,scattered clouds
2026-05-03T16:37:20.261Z,London,18.93,overcast clouds
2026-05-03T16:37:20.263Z,London,18.93,overcast clouds
2026-05-03T18:43:06.772Z,London,18.2,broken clouds
2026-05-03T18:43:06.800Z,London,18.2,broken clouds
2026-05-03T20:32:33.673Z,London,15.79,few clouds
2026-05-03T20:32:33.676Z,London,15.79,few clouds
2026-05-03T22:30:56.542Z,London,14.86,few clouds
2026-05-03T22:30:56.545Z,London,14.86,few clouds
2026-05-04T01:56:10.113Z,London,12.95,few clouds
2026-05-04T01:56:10.115Z,London,12.95,few clouds
2026-05-04T05:28:35.967Z,London,12.35,overcast clouds
2026-05-04T05:28:35.969Z,London,12.35,overcast clouds
2026-05-04T08:17:00.864Z,London,12.28,overcast clouds
2026-05-04T08:17:00.866Z,London,12.28,overcast clouds
2026-05-04T11:42:05.876Z,London,14.52,overcast clouds
2026-05-04T11:42:05.894Z,London,14.52,overcast clouds
2026-05-04T13:21:57.413Z,London,15.62,overcast clouds
2026-05-04T13:21:57.415Z,London,15.62,overcast clouds
2026-05-04T15:54:11.595Z,London,15.03,overcast clouds
2026-05-04T15:54:11.597Z,London,15.03,overcast clouds
2026-05-04T17:21:55.898Z,London,15.26,broken clouds
2026-05-04T17:21:55.901Z,London,15.26,broken clouds
2026-05-04T19:13:55.928Z,London,14.59,few clouds
2026-05-04T19:13:55.930Z,London,14.59,few clouds
2026-05-04T20:58:23.546Z,London,13.69,overcast clouds
2026-05-04T20:58:23.548Z,London,13.69,overcast clouds
2026-05-04T22:48:10.109Z,London,12.76,overcast clouds
2026-05-04T22:48:10.112Z,London,12.76,overcast clouds
2026-05-05T01:56:59.477Z,London,11.59,overcast clouds
2026-05-05T01:56:59.479Z,London,11.59,overcast clouds
2026-05-05T04:56:40.678Z,London,10.67,overcast clouds
2026-05-05T04:56:40.680Z,London,10.67,overcast clouds
2026-05-05T07:53:52.873Z,London,11.93,overcast clouds
2026-05-05T07:53:52.875Z,London,11.93,overcast clouds
2026-05-05T09:52:45.527Z,London,14.34,broken clouds
2026-05-05T09:52:45.538Z,London,14.34,broken clouds
2026-05-05T11:10:30.940Z,London,15.91,broken clouds
2026-05-05T11:10:30.942Z,London,15.91,broken clouds
2026-05-05T13:12:24.137Z,London,16.49,broken clouds
2026-05-05T13:12:24.139Z,London,16.49,broken clouds
2026-05-05T15:29:10.652Z,London,16.41,broken clouds
2026-05-05T15:29:10.683Z,London,16.41,broken clouds
2026-05-05T17:16:50.218Z,London,15.37,overcast clouds
2026-05-05T17:16:50.220Z,London,15.37,overcast clouds
2026-05-05T19:04:46.992Z,London,14.02,overcast clouds
2026-05-05T19:04:46.995Z,London,14.02,overcast clouds
2026-05-05T20:53:28.293Z,London,12.77,overcast clouds
2026-05-05T20:53:28.295Z,London,12.77,overcast clouds
2026-05-05T22:45:55.695Z,London,11.46,broken clouds
2026-05-05T22:45:55.697Z,London,11.46,broken clouds
2026-05-06T01:55:31.420Z,London,9.96,broken clouds
2026-05-06T01:55:31.422Z,London,9.96,broken clouds
2026-05-06T05:21:59.877Z,London,8.28,broken clouds
2026-05-06T05:21:59.879Z,London,8.28,broken clouds
2026-05-06T08:07:14.279Z,London,10.48,scattered clouds
2026-05-06T08:07:14.281Z,London,10.48,scattered clouds
2026-05-06T11:43:00.526Z,London,13.04,broken clouds
2026-05-06T11:43:00.545Z,London,13.04,broken clouds
2026-05-06T13:29:31.189Z,London,13.15,overcast clouds
2026-05-06T13:29:31.191Z,London,13.14,overcast clouds
2026-05-06T15:56:38.521Z,London,13.24,broken clouds
2026-05-06T15:56:38.523Z,London,13.24,broken clouds
2026-05-06T17:25:47.560Z,London,12.95,broken clouds
2026-05-06T17:25:47.562Z,London,12.95,broken clouds
2026-05-06T19:21:46.496Z,London,11.91,few clouds
2026-05-06T19:21:46.500Z,London,11.91,few clouds
2026-05-06T21:02:17.507Z,London,10.72,few clouds
2026-05-06T21:02:17.509Z,London,10.72,few clouds
2026-05-06T22:39:28.638Z,London,9.95,overcast clouds
2026-05-06T22:39:28.641Z,London,9.95,overcast clouds
2026-05-07T01:59:13.340Z,London,8.85,overcast clouds
2026-05-07T01:59:13.343Z,London,8.85,overcast clouds
2026-05-07T05:32:36.616Z,London,8.55,overcast clouds
2026-05-07T05:32:36.619Z,London,8.55,overcast clouds
2026-05-07T08:15:26.019Z,London,11.89,scattered clouds
2026-05-07T08:15:26.025Z,London,11.89,scattered clouds
2026-05-07T11:41:41.352Z,London,13.55,scattered clouds
2026-05-07T11:41:41.377Z,London,13.55,scattered clouds
2026-05-07T13:27:40.095Z,London,14.49,few clouds
2026-05-07T13:27:40.098Z,London,14.49,few clouds
2026-05-07T15:58:27.140Z,London,14.61,overcast clouds
2026-05-07T15:58:27.143Z,London,14.61,overcast clouds
2026-05-07T17:47:07.585Z,London,13.84,overcast clouds
2026-05-07T17:47:07.591Z,London,13.84,overcast clouds
2026-05-07T19:25:42.413Z,London,12.84,overcast clouds
2026-05-07T19:25:42.416Z,London,12.84,overcast clouds
2026-05-07T20:57:24.712Z,London,12.05,overcast clouds
2026-05-07T20:57:24.715Z,London,12.05,overcast clouds
2026-05-07T22:52:39.450Z,London,11.35,overcast clouds
2026-05-07T22:52:39.455Z,London,11.35,overcast clouds
2026-05-08T02:04:56.436Z,London,7.87,broken clouds
2026-05-08T02:04:56.439Z,London,7.87,broken clouds
2026-05-08T05:50:50.848Z,London,8.58,broken clouds
2026-05-08T05:50:50.851Z,London,8.58,broken clouds
2026-05-08T07:15:25.428Z,London,10.92,broken clouds
2026-05-08T07:15:25.430Z,London,10.92,broken clouds
2026-05-08T09:04:40.711Z,London,15,scattered clouds
2026-05-08T09:04:40.714Z,London,15,scattered clouds
2026-05-08T11:02:24.544Z,London,16.59,scattered clouds
2026-05-08T11:02:24.546Z,London,16.59,scattered clouds
2026-05-08T13:08:01.987Z,London,17.18,few clouds
2026-05-08T13:08:01.989Z,London,17.18,few clouds
2026-05-08T15:13:10.158Z,London,17.91,scattered clouds
2026-05-08T15:13:10.162Z,London,17.91,scattered clouds
2026-05-08T17:02:15.192Z,London,18.07,overcast clouds
2026-05-08T17:02:15.195Z,London,18.07,overcast clouds
2026-05-08T19:03:34.206Z,London,16.01,broken clouds
2026-05-08T19:03:34.209Z,London,16.01,broken clouds
2026-05-08T20:46:17.248Z,London,13.55,scattered clouds
2026-05-08T20:46:17.279Z,London,13.55,scattered clouds
2026-05-08T22:44:56.678Z,London,11.74,scattered clouds
2026-05-08T22:44:56.681Z,London,11.74,scattered clouds
2026-05-09T01:59:18.996Z,London,9.32,overcast clouds
2026-05-09T01:59:19.000Z,London,9.32,overcast clouds
2026-05-09T05:22:31.584Z,London,8.62,overcast clouds
2026-05-09T05:22:31.587Z,London,8.62,overcast clouds
2026-05-09T07:42:53.220Z,London,13.29,overcast clouds
2026-05-09T07:42:53.222Z,London,13.29,overcast clouds
2026-05-09T09:08:02.554Z,London,16.65,overcast clouds
2026-05-09T09:08:02.557Z,London,16.65,overcast clouds
2026-05-09T10:47:45.001Z,London,19.35,overcast clouds
2026-05-09T10:47:45.003Z,London,19.35,overcast clouds
2026-05-09T12:54:02.270Z,London,20.79,overcast clouds
2026-05-09T12:54:02.273Z,London,20.79,overcast clouds
2026-05-09T14:42:05.694Z,London,21.03,overcast clouds
2026-05-09T14:42:05.697Z,London,21.03,overcast clouds
2026-05-09T16:41:00.860Z,London,19.93,overcast clouds
2026-05-09T16:41:00.863Z,London,19.93,overcast clouds
2026-05-09T18:44:08.388Z,London,16.67,overcast clouds
2026-05-09T18:44:08.391Z,London,16.67,overcast clouds
2026-05-09T20:34:52.575Z,London,14.86,overcast clouds
2026-05-09T20:34:52.577Z,London,14.86,overcast clouds
2026-05-09T22:33:03.146Z,London,13.23,overcast clouds
2026-05-09T22:33:03.148Z,London,13.23,overcast clouds
2026-05-10T01:58:06.556Z,London,10,overcast clouds
2026-05-10T01:58:06.558Z,London,10,overcast clouds
2026-05-10T05:35:54.246Z,London,9.61,overcast clouds
2026-05-10T05:35:54.248Z,London,9.61,overcast clouds
2026-05-10T07:56:32.056Z,London,11.02,scattered clouds
2026-05-10T07:56:32.059Z,London,11.02,scattered clouds
2026-05-10T09:24:15.654Z,London,12.01,broken clouds
2026-05-10T09:24:15.656Z,London,12.01,broken clouds
2026-05-10T10:54:34.295Z,London,12.83,broken clouds
2026-05-10T10:54:34.297Z,London,12.83,broken clouds
2026-05-10T12:55:09.945Z,London,12.52,overcast clouds
2026-05-10T12:55:09.948Z,London,12.52,overcast clouds
2026-05-10T14:43:22.714Z,London,12.57,overcast clouds
2026-05-10T14:43:22.722Z,London,12.57,overcast clouds
2026-05-10T16:41:46.674Z,London,12.57,overcast clouds
2026-05-10T16:41:46.681Z,London,12.57,overcast clouds
2026-05-10T18:45:24.367Z,London,11.98,broken clouds
2026-05-10T18:45:24.369Z,London,11.98,broken clouds
2026-05-10T20:37:32.533Z,London,9.79,few clouds
2026-05-10T20:37:32.535Z,London,9.79,few clouds
2026-05-10T22:36:22.136Z,London,7.42,overcast clouds
2026-05-10T22:36:22.138Z,London,7.42,overcast clouds
2026-05-11T02:08:28.635Z,London,3.23,clear sky
2026-05-11T02:08:28.637Z,London,3.23,clear sky
2026-05-11T06:58:08.177Z,London,7.87,clear sky
2026-05-11T06:58:08.180Z,London,7.87,clear sky
2026-05-11T10:52:45.655Z,London,10.05,overcast clouds
2026-05-11T10:52:45.666Z,London,10.14,overcast clouds
2026-05-11T14:28:50.325Z,London,10.39,broken clouds
2026-05-11T14:28:50.327Z,London,10.39,broken clouds
2026-05-11T17:48:51.575Z,London,11.88,overcast clouds
2026-05-11T17:48:51.615Z,London,11.88,overcast clouds
2026-05-11T19:27:00.597Z,London,10.49,broken clouds
2026-05-11T19:27:00.599Z,London,10.49,broken clouds
2026-05-11T21:10:27.586Z,London,7.48,scattered clouds
2026-05-11T21:10:27.589Z,London,7.48,scattered clouds
2026-05-11T22:44:51.248Z,London,5.8,few clouds
2026-05-11T22:44:51.251Z,London,5.8,few clouds
2026-05-12T02:04:07.068Z,London,3.91,overcast clouds
2026-05-12T02:04:07.070Z,London,3.85,overcast clouds
2026-05-12T06:31:11.517Z,London,6.13,broken clouds
2026-05-12T06:31:11.519Z,London,6.52,broken clouds
2026-05-12T10:23:36.861Z,London,13.98,scattered clouds
2026-05-12T10:23:36.864Z,London,13.98,scattered clouds
2026-05-12T13:54:17.678Z,London,15.51,broken clouds
2026-05-12T13:54:17.680Z,London,15.51,broken clouds
2026-05-12T16:13:49.916Z,London,15.12,broken clouds
2026-05-12T16:13:49.918Z,London,15.12,broken clouds
2026-05-12T19:27:35.825Z,London,13.7,clear sky
2026-05-12T19:27:35.827Z,London,13.7,clear sky
2026-05-12T21:09:25.568Z,London,11.8,scattered clouds
2026-05-12T21:09:25.571Z,London,11.8,scattered clouds
2026-05-12T22:51:58.974Z,London,10.13,scattered clouds
2026-05-12T22:51:58.977Z,London,9.78,scattered clouds
2026-05-13T02:09:57.395Z,London,8.92,few clouds
2026-05-13T02:09:57.397Z,London,8.92,few clouds
2026-05-13T06:41:46.277Z,London,9.79,scattered clouds
2026-05-13T06:41:46.279Z,London,9.79,scattered clouds
2026-05-13T10:12:49.693Z,London,8.59,moderate rain
2026-05-13T10:12:49.698Z,London,8.59,moderate rain
2026-05-13T14:06:28.034Z,London,10.18,scattered clouds
2026-05-13T14:06:28.037Z,London,10.18,scattered clouds
2026-05-13T17:54:12.695Z,London,9.86,scattered clouds
2026-05-13T17:54:12.697Z,London,9.86,scattered clouds
2026-05-13T19:39:58.744Z,London,8.3,broken clouds
2026-05-13T19:39:58.747Z,London,8.3,broken clouds
2026-05-13T21:16:36.210Z,London,8.09,broken clouds
2026-05-13T21:16:36.212Z,London,8.09,broken clouds
2026-05-13T22:56:52.135Z,London,7.4,scattered clouds
2026-05-13T22:56:52.137Z,London,7.4,scattered clouds
2026-05-14T02:12:06.878Z,London,7.17,broken clouds
2026-05-14T02:12:06.880Z,London,7.17,broken clouds
2026-05-14T06:40:29.291Z,London,7.8,broken clouds
2026-05-14T06:40:29.294Z,London,7.8,broken clouds
2026-05-14T10:05:35.778Z,London,10.37,overcast clouds
2026-05-14T10:05:35.779Z,London,10.37,overcast clouds
2026-05-14T13:44:55.180Z,London,11.71,broken clouds
2026-05-14T13:44:55.182Z,London,11.71,broken clouds
2026-05-14T16:04:34.343Z,London,11.02,broken clouds
2026-05-14T16:04:34.345Z,London,11.02,broken clouds
2026-05-14T19:27:06.814Z,London,9.4,overcast clouds
2026-05-14T19:27:06.816Z,London,9.4,overcast clouds
2026-05-14T21:02:20.148Z,London,8.52,broken clouds
2026-05-14T21:02:20.150Z,London,8.52,broken clouds
2026-05-14T22:48:35.854Z,London,7.6,broken clouds
2026-05-14T22:48:35.856Z,London,7.6,broken clouds
2026-05-15T02:09:53.597Z,London,7.08,overcast clouds
2026-05-15T02:09:53.600Z,London,7.08,overcast clouds
2026-05-15T06:49:37.914Z,London,8.15,scattered clouds
2026-05-15T06:49:37.916Z,London,8.15,scattered clouds
2026-05-15T10:11:56.604Z,London,10.63,scattered clouds
2026-05-15T10:11:56.606Z,London,10.63,scattered clouds
2026-05-15T13:42:27.137Z,London,13.06,scattered clouds
2026-05-15T13:42:27.139Z,London,13.06,scattered clouds
2026-05-15T15:56:27.354Z,London,14.23,overcast clouds
2026-05-15T15:56:27.357Z,London,14.23,overcast clouds
2026-05-15T17:22:59.480Z,London,14.22,overcast clouds
2026-05-15T17:22:59.484Z,London,14.22,overcast clouds
2026-05-15T19:16:18.956Z,London,12.69,overcast clouds
2026-05-15T19:16:18.959Z,London,12.69,overcast clouds
2026-05-15T20:51:37.068Z,London,10.63,overcast clouds
2026-05-15T20:51:37.070Z,London,10.63,overcast clouds
2026-05-15T22:43:48.999Z,London,8.43,overcast clouds
2026-05-15T22:43:49.002Z,London,8.43,overcast clouds
2026-05-16T02:02:03.212Z,London,6.37,clear sky
2026-05-16T02:02:03.215Z,London,6.37,clear sky
2026-05-16T06:14:35.000Z,London,7.41,clear sky
2026-05-16T06:14:35.003Z,London,7.41,clear sky
2026-05-16T09:21:13.293Z,London,12.73,broken clouds
2026-05-16T09:21:13.295Z,London,12.73,broken clouds
2026-05-16T10:54:30.849Z,London,13.47,broken clouds
2026-05-16T10:54:30.851Z,London,13.47,broken clouds
2026-05-16T12:58:27.304Z,London,14.71,broken clouds
2026-05-16T12:58:27.306Z,London,14.71,broken clouds
2026-05-16T14:47:35.181Z,London,14.28,overcast clouds
2026-05-16T14:47:35.183Z,London,14.28,overcast clouds
2026-05-16T16:45:10.181Z,London,13.52,moderate rain
2026-05-16T16:45:10.183Z,London,13.49,moderate rain
2026-05-16T18:50:25.205Z,London,12.1,light rain
2026-05-16T18:50:25.209Z,London,12.1,light rain
2026-05-16T20:37:37.664Z,London,11.56,broken clouds
2026-05-16T20:37:37.667Z,London,11.56,broken clouds
2026-05-16T22:36:20.790Z,London,11.36,few clouds
2026-05-16T22:36:20.792Z,London,11.36,few clouds
2026-05-17T02:05:43.528Z,London,10.87,light rain
2026-05-17T02:05:43.530Z,London,10.87,light rain
2026-05-17T06:39:10.625Z,London,10.42,broken clouds
2026-05-17T06:39:10.628Z,London,10.42,broken clouds
2026-05-17T09:27:06.646Z,London,13.73,few clouds
2026-05-17T09:27:06.649Z,London,13.73,few clouds
2026-05-17T10:58:26.089Z,London,14.92,few clouds
2026-05-17T10:58:26.091Z,London,14.92,few clouds
2026-05-17T12:56:12.323Z,London,16.95,overcast clouds
2026-05-17T12:56:12.325Z,London,16.95,overcast clouds
2026-05-17T14:48:24.220Z,London,17.2,overcast clouds
2026-05-17T14:48:24.222Z,London,17.2,overcast clouds
2026-05-17T16:45:42.556Z,London,15.82,overcast clouds
2026-05-17T16:45:42.558Z,London,15.82,overcast clouds
2026-05-17T18:53:23.442Z,London,12.45,broken clouds
2026-05-17T18:53:23.445Z,London,12.45,broken clouds
2026-05-17T20:39:01.280Z,London,11.32,overcast clouds
2026-05-17T20:39:01.283Z,London,11.32,overcast clouds
2026-05-17T22:43:10.018Z,London,9.66,overcast clouds
2026-05-17T22:43:10.020Z,London,9.66,overcast clouds
2026-05-18T02:27:16.520Z,London,8.08,overcast clouds
2026-05-18T02:27:16.522Z,London,8.08,overcast clouds
2026-05-18T07:54:07.713Z,London,11.87,broken clouds
2026-05-18T07:54:07.715Z,London,11.87,broken clouds
2026-05-18T11:36:51.133Z,London,13.99,broken clouds
2026-05-18T11:36:51.136Z,London,13.99,broken clouds
2026-05-18T14:53:44.570Z,London,14.07,broken clouds
2026-05-18T14:53:44.573Z,London,14.07,broken clouds
2026-05-18T17:51:24.855Z,London,13.5,few clouds
2026-05-18T17:51:24.858Z,London,13.5,few clouds
2026-05-18T19:24:09.948Z,London,12.95,overcast clouds
2026-05-18T19:24:09.951Z,London,12.95,overcast clouds
2026-05-18T21:02:14.226Z,London,12.33,broken clouds
2026-05-18T21:02:14.233Z,London,12.33,broken clouds
2026-05-18T22:48:44.964Z,London,11.74,light rain
2026-05-18T22:48:44.966Z,London,11.74,light rain
2026-05-19T02:26:32.377Z,London,11.15,light rain
2026-05-19T02:26:32.379Z,London,11.15,light rain
2026-05-19T07:36:10.887Z,London,12.3,light rain
2026-05-19T07:36:10.890Z,London,12.3,light rain
2026-05-19T10:53:04.433Z,London,16.31,broken clouds
2026-05-19T10:53:04.435Z,London,16.31,broken clouds
2026-05-19T14:36:09.257Z,London,16.53,light rain
2026-05-19T14:36:09.260Z,London,16.53,light rain
2026-05-19T17:57:00.697Z,London,16.26,broken clouds
2026-05-19T17:57:00.699Z,London,16.25,broken clouds
2026-05-19T19:46:31.803Z,London,14.99,broken clouds
2026-05-19T19:46:31.805Z,London,14.99,broken clouds
2026-05-19T21:11:00.669Z,London,14.37,broken clouds
2026-05-19T21:11:00.672Z,London,14.37,broken clouds
2026-05-19T22:56:30.791Z,London,13.52,few clouds
2026-05-19T22:56:30.794Z,London,13.52,few clouds
2026-05-20T02:15:01.663Z,London,13.13,broken clouds
2026-05-20T02:15:01.665Z,London,13.13,broken clouds
2026-05-20T07:35:12.212Z,London,14.12,broken clouds
2026-05-20T07:35:12.214Z,London,14.12,broken clouds
2026-05-20T10:41:24.609Z,London,17.76,broken clouds
2026-05-20T10:41:24.611Z,London,17.76,broken clouds
2026-05-20T14:35:44.565Z,London,19.57,broken clouds
2026-05-20T14:35:44.567Z,London,19.57,broken clouds
2026-05-20T18:09:03.904Z,London,17.74,broken clouds
2026-05-20T18:09:03.907Z,London,17.74,broken clouds
2026-05-20T21:42:12.635Z,London,15.42,broken clouds
2026-05-20T21:42:12.637Z,London,15.42,broken clouds
2026-05-20T23:04:24.900Z,London,14.54,broken clouds
2026-05-20T23:04:24.902Z,London,14.54,broken clouds
2026-05-21T02:14:21.418Z,London,12.32,broken clouds
2026-05-21T02:14:21.420Z,London,12.32,broken clouds
2026-05-21T07:40:49.872Z,London,15.67,broken clouds
2026-05-21T07:40:49.875Z,London,15.67,broken clouds
2026-05-21T10:58:07.413Z,London,18.84,scattered clouds
2026-05-21T10:58:07.415Z,London,18.84,scattered clouds
2026-05-21T14:41:04.052Z,London,23.12,overcast clouds
2026-05-21T14:41:04.054Z,London,23.12,overcast clouds
2026-05-21T17:49:41.240Z,London,22.63,scattered clouds
2026-05-21T17:49:41.242Z,London,22.63,scattered clouds
2026-05-21T19:42:39.277Z,London,20.74,broken clouds
2026-05-21T19:42:39.279Z,London,20.74,broken clouds
2026-05-21T21:21:04.627Z,London,18.47,overcast clouds
2026-05-21T21:21:04.629Z,London,18.47,overcast clouds
2026-05-21T22:57:31.533Z,London,15.64,overcast clouds
2026-05-21T22:57:31.535Z,London,15.64,overcast clouds
2026-05-22T02:28:30.130Z,London,14.88,few clouds
2026-05-22T02:28:30.132Z,London,14.88,few clouds
2026-05-22T07:35:51.045Z,London,19.51,scattered clouds
2026-05-22T07:35:51.048Z,London,19.51,scattered clouds
2026-05-22T10:41:15.405Z,London,25.11,broken clouds
2026-05-22T10:41:15.407Z,London,25.11,broken clouds
2026-05-22T14:15:42.964Z,London,27.41,overcast clouds
2026-05-22T14:15:42.966Z,London,27.41,overcast clouds
2026-05-22T17:44:38.840Z,London,26.29,broken clouds
2026-05-22T17:44:38.842Z,London,26.29,broken clouds
2026-05-22T19:22:31.342Z,London,24.38,few clouds
2026-05-22T19:22:31.344Z,London,24.38,few clouds
2026-05-22T21:02:58.015Z,London,20.81,scattered clouds
2026-05-22T21:02:58.018Z,London,20.81,scattered clouds
2026-05-22T22:49:58.279Z,London,20.13,scattered clouds
2026-05-22T22:49:58.281Z,London,20.13,scattered clouds
2026-05-23T02:04:51.499Z,London,19.23,overcast clouds
2026-05-23T02:04:51.502Z,London,19.23,overcast clouds
2026-05-23T06:27:54.745Z,London,19.69,broken clouds
2026-05-23T06:27:54.747Z,London,19.69,broken clouds
2026-05-23T09:42:45.740Z,London,24.65,scattered clouds
2026-05-23T09:42:45.742Z,London,24.65,scattered clouds
2026-05-23T11:02:51.439Z,London,26.59,scattered clouds
2026-05-23T11:02:51.441Z,London,26.59,scattered clouds
2026-05-23T13:00:37.059Z,London,28.54,few clouds
2026-05-23T13:00:37.061Z,London,28.54,few clouds
2026-05-23T14:53:01.709Z,London,29.21,scattered clouds
2026-05-23T14:53:01.711Z,London,29.21,scattered clouds
2026-05-23T16:50:44.321Z,London,28.48,broken clouds
2026-05-23T16:50:44.323Z,London,28.48,broken clouds
2026-05-23T18:55:19.162Z,London,27.8,scattered clouds
2026-05-23T18:55:19.164Z,London,27.8,scattered clouds
2026-05-23T20:38:27.024Z,London,22.66,broken clouds
2026-05-23T20:38:27.026Z,London,22.66,broken clouds
2026-05-23T22:42:14.360Z,London,18.72,broken clouds
2026-05-23T22:42:14.364Z,London,18.72,broken clouds
2026-05-24T02:13:26.155Z,London,16.08,few clouds
2026-05-24T02:13:26.179Z,London,16.08,few clouds
2026-05-24T06:53:36.443Z,London,17.95,broken clouds
2026-05-24T06:53:36.446Z,London,17.86,broken clouds
2026-05-24T09:47:27.837Z,London,24.77,broken clouds
2026-05-24T09:47:27.839Z,London,24.77,broken clouds
2026-05-24T11:07:14.136Z,London,27.37,broken clouds
2026-05-24T11:07:14.139Z,London,27.37,broken clouds
2026-05-24T13:00:28.012Z,London,29.47,scattered clouds
2026-05-24T13:00:28.014Z,London,29.47,scattered clouds
2026-05-24T14:54:29.991Z,London,30.45,few clouds
2026-05-24T14:54:29.994Z,London,30.45,few clouds
2026-05-24T16:51:57.435Z,London,28.8,few clouds
2026-05-24T16:51:57.445Z,London,28.8,few clouds
2026-05-24T19:01:29.562Z,London,24.95,clear sky
2026-05-24T19:01:29.565Z,London,24.95,clear sky
2026-05-24T20:42:08.947Z,London,22.55,clear sky
2026-05-24T20:42:08.949Z,London,22.55,clear sky
2026-05-24T22:46:58.161Z,London,20.97,clear sky
2026-05-24T22:46:58.164Z,London,20.97,clear sky
2026-05-25T02:32:01.138Z,London,17.51,clear sky
2026-05-25T02:32:01.140Z,London,17.51,clear sky
2026-05-25T08:10:52.891Z,London,24.86,clear sky
2026-05-25T08:10:52.894Z,London,24.86,clear sky
2026-05-25T12:55:38.139Z,London,31.98,clear sky
2026-05-25T12:55:38.141Z,London,31.98,clear sky
2026-05-25T16:14:54.711Z,London,32.3,clear sky
2026-05-25T16:14:54.713Z,London,32.3,clear sky
2026-05-25T19:14:38.294Z,London,29,clear sky
2026-05-25T19:14:38.297Z,London,29,clear sky
2026-05-25T20:56:58.565Z,London,25.12,clear sky
2026-05-25T20:56:58.567Z,London,25.12,clear sky
2026-05-25T22:51:22.002Z,London,22.09,clear sky
2026-05-25T22:51:22.005Z,London,22.09,clear sky
2026-05-26T02:12:29.558Z,London,18.68,clear sky
2026-05-26T02:12:29.560Z,London,18.68,clear sky
2026-05-26T07:35:39.560Z,London,25.36,clear sky
2026-05-26T07:35:39.563Z,London,25.36,clear sky
2026-05-26T14:44:25.260Z,London,34.25,clear sky
2026-05-26T14:44:25.262Z,London,34.25,clear sky
2026-05-26T18:16:39.511Z,London,32.04,clear sky
2026-05-26T18:16:39.513Z,London,32.04,clear sky
2026-05-26T21:28:11.477Z,London,25.8,few clouds
2026-05-26T21:28:11.480Z,London,25.8,few clouds
2026-05-26T23:00:46.639Z,London,24.32,clear sky
2026-05-26T23:00:46.642Z,London,24.32,clear sky
2026-05-27T02:31:53.663Z,London,19.8,clear sky
2026-05-27T02:31:53.681Z,London,19.8,clear sky
2026-05-27T07:55:12.765Z,London,20.43,clear sky
2026-05-27T07:55:12.768Z,London,20.43,clear sky
2026-05-27T11:29:04.992Z,London,25.53,clear sky
2026-05-27T11:29:04.995Z,London,25.53,clear sky
2026-05-27T14:54:04.237Z,London,25,clear sky
2026-05-27T14:54:04.241Z,London,25,clear sky
2026-05-27T18:19:23.086Z,London,21.27,clear sky
2026-05-27T18:19:23.089Z,London,21.27,clear sky
2026-05-27T21:45:52.118Z,London,16.56,clear sky
2026-05-27T21:45:52.120Z,London,16.56,clear sky
2026-05-27T23:09:22.015Z,London,15.62,clear sky
2026-05-27T23:09:22.018Z,London,15.62,clear sky
2026-05-28T02:06:56.615Z,London,15.12,broken clouds
2026-05-28T02:06:56.618Z,London,15.12,broken clouds
2026-05-28T07:47:24.584Z,London,19.94,clear sky
2026-05-28T07:47:24.587Z,London,19.94,clear sky
2026-05-28T11:28:38.876Z,London,28.1,scattered clouds
2026-05-28T11:28:38.878Z,London,28.1,scattered clouds
2026-05-28T15:27:11.740Z,London,30.43,overcast clouds
2026-05-28T15:27:11.742Z,London,30.43,overcast clouds
2026-05-28T18:29:51.064Z,London,28.57,overcast clouds
2026-05-28T18:29:51.067Z,London,28.57,overcast clouds
2026-05-28T21:49:08.742Z,London,24.28,overcast clouds
2026-05-28T21:49:08.745Z,London,24.28,overcast clouds
2026-05-28T23:07:01.147Z,London,23.37,overcast clouds
2026-05-28T23:07:01.150Z,London,23.37,overcast clouds
2026-05-29T02:11:04.159Z,London,20.47,overcast clouds
2026-05-29T02:11:04.162Z,London,20.47,overcast clouds
2026-05-29T07:45:26.755Z,London,19.69,overcast clouds
2026-05-29T07:45:26.757Z,London,19.69,overcast clouds
2026-05-29T11:19:06.648Z,London,23.13,light rain
2026-05-29T11:19:06.650Z,London,23.13,light rain
2026-05-29T14:39:06.333Z,London,24.62,overcast clouds
2026-05-29T14:39:06.336Z,London,24.62,overcast clouds
2026-05-29T18:26:13.786Z,London,24.79,overcast clouds
2026-05-29T18:26:13.788Z,London,24.79,overcast clouds
2026-05-29T21:44:22.020Z,London,19.39,scattered clouds
2026-05-29T21:44:22.022Z,London,19.39,scattered clouds
2026-05-29T23:03:37.988Z,London,17.87,scattered clouds
2026-05-29T23:03:37.991Z,London,17.87,scattered clouds
2026-05-30T02:06:33.928Z,London,16.57,few clouds
2026-05-30T02:06:33.931Z,London,16.57,few clouds
2026-05-30T06:39:47.314Z,London,18.1,overcast clouds
2026-05-30T06:39:47.316Z,London,18.1,overcast clouds
2026-05-30T09:50:43.493Z,London,25.06,overcast clouds
2026-05-30T09:50:43.495Z,London,25.06,overcast clouds
2026-05-30T11:12:23.162Z,London,26.55,overcast clouds
2026-05-30T11:12:23.164Z,London,27.07,overcast clouds
2026-05-30T13:02:43.156Z,London,28.08,overcast clouds
2026-05-30T13:02:43.174Z,London,28.08,overcast clouds
2026-05-30T14:58:35.859Z,London,28.38,overcast clouds
2026-05-30T14:58:35.861Z,London,28.01,overcast clouds
2026-05-30T16:51:41.005Z,London,26.79,overcast clouds
2026-05-30T16:51:41.008Z,London,26.79,overcast clouds
2026-05-30T18:58:51.578Z,London,24.44,overcast clouds
2026-05-30T18:58:51.597Z,London,24.44,overcast clouds
2026-05-30T20:43:46.801Z,London,21.21,overcast clouds
2026-05-30T20:43:46.803Z,London,21.21,overcast clouds
2026-05-30T22:47:52.154Z,London,19.86,overcast clouds
2026-05-30T22:47:52.156Z,London,19.95,overcast clouds
2026-05-31T02:32:37.828Z,London,16.33,overcast clouds
2026-05-31T02:32:37.831Z,London,16.33,overcast clouds
2026-05-31T07:37:34.192Z,London,17.69,overcast clouds
2026-05-31T07:37:34.194Z,London,17.69,overcast clouds
2026-05-31T10:06:48.575Z,London,20.1,scattered clouds
2026-05-31T10:06:48.578Z,London,20.1,scattered clouds
2026-05-31T13:14:22.919Z,London,22.82,overcast clouds
2026-05-31T13:14:22.921Z,London,22.82,overcast clouds
2026-05-31T15:11:35.771Z,London,22.83,overcast clouds
2026-05-31T15:11:35.773Z,London,22.83,overcast clouds
2026-05-31T16:56:17.933Z,London,22.02,overcast clouds
2026-05-31T16:56:17.935Z,London,22.02,overcast clouds
2026-05-31T19:02:48.367Z,London,20.91,scattered clouds
2026-05-31T19:02:48.369Z,London,20.91,scattered clouds
2026-05-31T20:48:36.976Z,London,19.71,few clouds
2026-05-31T20:48:36.979Z,London,19.71,few clouds
2026-05-31T22:49:41.999Z,London,16.47,clear sky
2026-05-31T22:49:42.001Z,London,16.47,clear sky
2026-06-01T02:41:56.962Z,London,14.53,clear sky
2026-06-01T02:41:56.965Z,London,14.53,clear sky
2026-06-01T09:11:42.467Z,London,18.52,scattered clouds
2026-06-01T09:11:42.470Z,London,18.52,scattered clouds
2026-06-01T15:47:39.126Z,London,20.98,broken clouds
2026-06-01T15:47:39.128Z,London,20.98,broken clouds
2026-06-01T20:09:28.692Z,London,17.46,light rain
2026-06-01T20:09:28.695Z,London,17.46,light rain
2026-06-01T23:21:02.986Z,London,16.57,light rain
2026-06-01T23:21:02.988Z,London,16.57,light rain
2026-06-02T02:40:04.120Z,London,15.2,heavy intensity rain
2026-06-02T02:40:04.122Z,London,15.2,heavy intensity rain
2026-06-02T08:19:37.807Z,London,15.2,heavy intensity rain
2026-06-02T08:19:37.809Z,London,15.2,heavy intensity rain
2026-06-02T13:50:46.947Z,London,18.02,broken clouds
2026-06-02T13:50:46.950Z,London,18.02,broken clouds
2026-06-02T17:58:45.332Z,London,14.88,broken clouds
2026-06-02T17:58:45.334Z,London,14.88,broken clouds
2026-06-02T20:49:16.888Z,London,15.53,scattered clouds
2026-06-02T20:49:16.890Z,London,15.53,scattered clouds
2026-06-02T23:26:58.897Z,London,14.06,scattered clouds
2026-06-02T23:26:58.899Z,London,14.06,scattered clouds
2026-06-03T02:48:23.329Z,London,13.68,broken clouds
2026-06-03T02:48:23.331Z,London,13.68,broken clouds
2026-06-03T08:46:52.347Z,London,15.47,overcast clouds
2026-06-03T08:46:52.349Z,London,15.47,overcast clouds
2026-06-03T14:20:29.221Z,London,16.68,light rain
2026-06-03T14:20:29.224Z,London,16.68,light rain
2026-06-03T19:41:23.668Z,London,16.18,broken clouds
2026-06-03T19:41:23.670Z,London,16.18,broken clouds
2026-06-03T22:23:06.923Z,London,14.99,broken clouds
2026-06-03T22:23:06.926Z,London,14.99,broken clouds
2026-06-04T02:43:37.876Z,London,13.72,overcast clouds
2026-06-04T02:43:37.878Z,London,13.72,overcast clouds
2026-06-04T08:11:40.139Z,London,15.43,overcast clouds
2026-06-04T08:11:40.141Z,London,15.43,overcast clouds
2026-06-04T12:37:50.890Z,London,16.1,overcast clouds
2026-06-04T12:37:50.893Z,London,16.1,overcast clouds
2026-06-04T16:43:45.877Z,London,18.07,broken clouds
2026-06-04T16:43:45.879Z,London,18.07,broken clouds
2026-06-04T19:53:45.924Z,London,15.63,scattered clouds
2026-06-04T19:53:45.926Z,London,15.63,scattered clouds
2026-06-04T21:23:11.919Z,London,15.38,scattered clouds
2026-06-04T21:23:11.921Z,London,15.38,scattered clouds
2026-06-04T23:00:50.021Z,London,14.13,scattered clouds
2026-06-04T23:00:50.023Z,London,14.13,scattered clouds
2026-06-05T02:30:17.098Z,London,12.53,few clouds
2026-06-05T02:30:17.101Z,London,12.53,few clouds
2026-06-05T07:59:01.046Z,London,14.86,scattered clouds
2026-06-05T07:59:01.049Z,London,14.86,scattered clouds
2026-06-05T11:28:22.279Z,London,17.39,broken clouds
2026-06-05T11:28:22.282Z,London,17.39,broken clouds
2026-06-05T14:25:17.385Z,London,18.06,overcast clouds
2026-06-05T14:25:17.388Z,London,18.06,overcast clouds
2026-06-05T17:46:44.973Z,London,17.62,overcast clouds
2026-06-05T17:46:44.976Z,London,17.62,overcast clouds
2026-06-05T19:41:09.666Z,London,15.52,overcast clouds
2026-06-05T19:41:09.669Z,London,15.52,overcast clouds
2026-06-05T21:16:47.943Z,London,13.86,overcast clouds
2026-06-05T21:16:47.946Z,London,13.86,overcast clouds
2026-06-05T22:58:10.351Z,London,13.03,overcast clouds
2026-06-05T22:58:10.354Z,London,13.03,overcast clouds
2026-06-06T02:09:38.127Z,London,13,overcast clouds
2026-06-06T02:09:38.130Z,London,13,overcast clouds
2026-06-06T06:46:28.700Z,London,13.12,light rain
2026-06-06T06:46:28.702Z,London,13.12,light rain
2026-06-06T09:53:50.087Z,London,13.77,overcast clouds
2026-06-06T09:53:50.091Z,London,13.77,overcast clouds
2026-06-06T11:16:22.642Z,London,16.56,overcast clouds
2026-06-06T11:16:22.645Z,London,16.56,overcast clouds
2026-06-06T13:07:50.409Z,London,15.56,light rain
2026-06-06T13:07:50.412Z,London,15.56,light rain
2026-06-06T15:05:50.122Z,London,15.18,light rain
2026-06-06T15:05:50.125Z,London,15.18,light rain
2026-06-06T16:58:58.852Z,London,14.71,overcast clouds
2026-06-06T16:58:58.854Z,London,14.71,overcast clouds
2026-06-06T19:04:24.167Z,London,14.05,overcast clouds
2026-06-06T19:04:24.170Z,London,14.05,overcast clouds
2026-06-06T20:53:59.999Z,London,13.96,overcast clouds
2026-06-06T20:54:00.006Z,London,13.96,overcast clouds
2026-06-06T22:54:54.683Z,London,13.94,overcast clouds
2026-06-06T22:54:54.686Z,London,13.94,overcast clouds
2026-06-07T02:36:01.752Z,London,11.83,broken clouds
2026-06-07T02:36:01.754Z,London,11.83,broken clouds
2026-06-07T07:46:57.652Z,London,14.27,broken clouds
2026-06-07T07:46:57.654Z,London,14.27,broken clouds
2026-06-07T10:21:28.292Z,London,17.27,broken clouds
2026-06-07T10:21:28.294Z,London,17.27,broken clouds
2026-06-07T13:21:16.197Z,London,18.07,overcast clouds
2026-06-07T13:21:16.199Z,London,18.07,overcast clouds
2026-06-07T15:17:53.677Z,London,18.86,overcast clouds
2026-06-07T15:17:53.679Z,London,18.86,overcast clouds
2026-06-07T17:05:00.528Z,London,18.37,overcast clouds
2026-06-07T17:05:00.531Z,London,18.37,overcast clouds
2026-06-07T19:05:56.131Z,London,16.66,overcast clouds
2026-06-07T19:05:56.133Z,London,16.66,overcast clouds
2026-06-07T21:00:13.520Z,London,15.65,overcast clouds
2026-06-07T21:00:13.523Z,London,15.65,overcast clouds
2026-06-07T22:53:46.700Z,London,15.19,overcast clouds
2026-06-07T22:53:46.702Z,London,15.19,overcast clouds
2026-06-08T02:40:28.079Z,London,14.16,overcast clouds
2026-06-08T02:40:28.082Z,London,14.16,overcast clouds
2026-06-08T08:45:08.207Z,London,15.1,moderate rain
2026-06-08T08:45:08.209Z,London,15.1,moderate rain
2026-06-08T13:57:59.412Z,London,15.1,light rain
2026-06-08T13:57:59.415Z,London,15.1,light rain
2026-06-08T17:21:17.762Z,London,16.4,broken clouds
2026-06-08T17:21:17.764Z,London,16.4,broken clouds
2026-06-08T20:00:43.608Z,London,14.84,scattered clouds
2026-06-08T20:00:43.610Z,London,14.84,scattered clouds
2026-06-08T23:07:34.756Z,London,11.9,few clouds
2026-06-08T23:07:34.759Z,London,11.9,few clouds
2026-06-09T02:06:35.649Z,London,9.55,clear sky
2026-06-09T02:06:35.652Z,London,9.55,clear sky
2026-06-09T07:36:56.801Z,London,13.41,scattered clouds
2026-06-09T07:36:56.803Z,London,13.41,scattered clouds
2026-06-09T10:51:13.775Z,London,15.44,broken clouds
2026-06-09T10:51:13.779Z,London,15.44,broken clouds
2026-06-09T14:25:26.754Z,London,18.76,broken clouds
2026-06-09T14:25:26.757Z,London,18.76,broken clouds
2026-06-09T17:52:21.109Z,London,18.13,broken clouds
2026-06-09T17:52:21.111Z,London,18.13,broken clouds
2026-06-09T19:55:48.271Z,London,15.64,clear sky
2026-06-09T19:55:48.275Z,London,15.63,clear sky
2026-06-09T21:41:56.327Z,London,13.51,clear sky
2026-06-09T21:41:56.329Z,London,13.51,clear sky
2026-06-09T23:10:20.811Z,London,12.63,clear sky
2026-06-09T23:10:20.814Z,London,12.63,clear sky
2026-06-10T02:30:54.263Z,London,10.69,broken clouds
2026-06-10T02:30:54.266Z,London,10.69,broken clouds
2026-06-10T07:59:40.808Z,London,12.84,overcast clouds
2026-06-10T07:59:40.811Z,London,12.84,overcast clouds
2026-06-10T11:40:08.367Z,London,16.83,overcast clouds
2026-06-10T11:40:08.370Z,London,16.83,overcast clouds
2026-06-10T14:52:43.180Z,London,15.31,heavy intensity rain
2026-06-10T14:52:43.182Z,London,15.31,heavy intensity rain
2026-06-10T18:23:51.196Z,London,14.38,broken clouds
2026-06-10T18:23:51.199Z,London,14.38,broken clouds
2026-06-10T21:50:21.035Z,London,11.45,moderate rain
2026-06-10T21:50:21.037Z,London,11.45,moderate rain
2026-06-10T23:18:32.825Z,London,11.13,few clouds
2026-06-10T23:18:32.827Z,London,11.13,few clouds
2026-06-11T02:40:49.023Z,London,9.92,overcast clouds
2026-06-11T02:40:49.025Z,London,9.92,overcast clouds
2026-06-11T08:27:29.747Z,London,13.11,light rain
2026-06-11T08:27:29.750Z,London,13.11,light rain
